index_label,ключевые слова,url,кол-во аналогов,средняя цена,минимальная цена,максимальная цена,mean продаж за месяц,min продаж за месяц,max продаж за месяц,min pos > 10,min pos > 20,min pos > 30,min_discount,max_discount,mean_discount
609249,смесь фрисо вом,https://www.wildberries.ru/catalog/0/search.aspx?search=смесь%20фрисо%20вом&xsearch=true&xsearch=true&sort=popular,4.0,1021.25,641.0,1659.0,805.0,168.0,1647.0,4.0,4.0,4.0,0.0,31.0,20.25
610033,постельное белье мимимишки,https://www.wildberries.ru/catalog/0/search.aspx?search=постельное%20белье%20мимимишки&xsearch=true&xsearch=true&sort=popular,9.0,1143.0,930.0,1609.0,93.0,25.0,299.0,9.0,9.0,7.0,43.0,81.0,66.33333333333333
610490,дедморозовка,https://www.wildberries.ru/catalog/0/search.aspx?search=дедморозовка&xsearch=true&xsearch=true&sort=popular,3.0,776.0,369.0,1089.0,30.0,0.0,88.0,1.0,1.0,1.0,17.0,30.0,21.33333333333333
610686,краснополянская косметика гель,https://www.wildberries.ru/catalog/0/search.aspx?search=краснополянская%20косметика%20гель&xsearch=true&xsearch=true&sort=popular,48.0,552.0833333333334,392.0,800.0,16.0,0.0,77.0,48.0,48.0,48.0,0.0,30.0,14.4375
610930,модная девчонка,https://www.wildberries.ru/catalog/0/search.aspx?search=модная%20девчонка&xsearch=true&xsearch=true&sort=popular,19.0,759.1578947368422,534.0,913.0,66.0,2.0,475.0,12.0,8.0,7.0,35.0,67.0,54.89473684210525
610973,детское постельное белье мстители,https://www.wildberries.ru/catalog/0/search.aspx?search=детское%20постельное%20белье%20мстители&xsearch=true&xsearch=true&sort=popular,6.0,1549.833333333333,1056.0,1876.0,37.0,1.0,179.0,3.0,1.0,1.0,24.0,80.0,53.83333333333334
611039,удивительные истории маленького ежика,https://www.wildberries.ru/catalog/0/search.aspx?search=удивительные%20истории%20маленького%20ежика&xsearch=true&xsearch=true&sort=popular,4.0,480.5,355.0,693.0,28.0,0.0,106.0,3.0,3.0,3.0,17.0,60.0,31.0
611469,вибратор brighty,https://www.wildberries.ru/catalog/0/search.aspx?search=вибратор%20brighty&xsearch=true&xsearch=true&sort=popular,24.0,1305.2083333333333,767.0,2096.0,13.0,0.0,250.0,19.0,19.0,19.0,0.0,79.0,46.54166666666666
611662,бакуганы,https://www.wildberries.ru/catalog/0/search.aspx?search=бакуганы&xsearch=true&xsearch=true&sort=popular,34.0,965.8235294117646,350.0,2100.0,9.0,0.0,49.0,19.0,19.0,2.0,0.0,79.0,38.088235294117645
611716,магия берн,https://www.wildberries.ru/catalog/0/search.aspx?search=магия%20берн&xsearch=true&xsearch=true&sort=popular,2.0,504.0,477.0,531.0,130.0,5.0,254.0,1.0,1.0,1.0,30.0,34.0,32.0
613063,не открывать липко,https://www.wildberries.ru/catalog/0/search.aspx?search=не%20открывать%20липко&xsearch=true&xsearch=true&sort=popular,2.0,418.5,404.0,433.0,106.0,7.0,204.0,1.0,1.0,1.0,16.0,41.0,28.5
613355,dz09,https://www.wildberries.ru/catalog/0/search.aspx?search=dz09&xsearch=true&xsearch=true&sort=popular,43.0,766.7209302325581,354.0,1380.0,17.0,0.0,127.0,40.0,40.0,40.0,0.0,94.0,43.65116279069768
613458,максим дорофеев,https://www.wildberries.ru/catalog/0/search.aspx?search=максим%20дорофеев&xsearch=true&xsearch=true&sort=popular,5.0,1064.2,787.0,2073.0,21.0,1.0,82.0,2.0,1.0,1.0,30.0,39.0,37.0
613459,интуитивное питание книга светлана бронникова,https://www.wildberries.ru/catalog/0/search.aspx?search=интуитивное%20питание%20книга%20светлана%20бронникова&xsearch=true&xsearch=true&sort=popular,2.0,854.5,613.0,1096.0,142.0,1.0,283.0,1.0,1.0,1.0,0.0,36.0,18.0
613823,тональный крем буржуа,https://www.wildberries.ru/catalog/0/search.aspx?search=тональный%20крем%20буржуа&xsearch=true&xsearch=true&sort=popular,33.0,537.8484848484849,353.0,684.0,110.0,0.0,716.0,24.0,17.0,17.0,18.0,50.0,30.63636363636364
613893,sapiens. краткая история человечества,https://www.wildberries.ru/catalog/0/search.aspx?search=sapiens.%20краткая%20история%20человечества&xsearch=true&xsearch=true&sort=popular,10.0,638.1,453.0,910.0,174.0,0.0,860.0,9.0,8.0,8.0,30.0,41.0,39.2
614519,как подружиться с эмоциями,https://www.wildberries.ru/catalog/0/search.aspx?search=как%20подружиться%20с%20эмоциями&xsearch=true&xsearch=true&sort=popular,12.0,896.5,380.0,1651.0,10.0,0.0,53.0,10.0,10.0,3.0,0.0,60.0,35.5
614579,термос с сеточкой,https://www.wildberries.ru/catalog/0/search.aspx?search=термос%20с%20сеточкой&xsearch=true&xsearch=true&sort=popular,16.0,745.4375,450.0,2160.0,11.0,0.0,58.0,8.0,8.0,8.0,0.0,80.0,49.375
614783,прогулки по третьяковской галерее,https://www.wildberries.ru/catalog/0/search.aspx?search=прогулки%20по%20третьяковской%20галерее&xsearch=true&xsearch=true&sort=popular,1.0,420.0,420.0,420.0,83.0,83.0,83.0,1.0,1.0,1.0,40.0,40.0,40.0
615784,зубная паста ортодонтическая,https://www.wildberries.ru/catalog/0/search.aspx?search=зубная%20паста%20ортодонтическая&xsearch=true&xsearch=true&sort=popular,8.0,635.5,428.0,845.0,34.0,2.0,208.0,3.0,2.0,2.0,9.0,37.0,19.125
615795,pull bear,https://www.wildberries.ru/catalog/0/search.aspx?search=pull%20bear&xsearch=true&xsearch=true&sort=popular,8.0,1239.5,529.0,2149.0,927.0,0.0,4099.0,4.0,4.0,4.0,0.0,51.0,20.375
615829,аксессуар от натирания бедер (бандалетки),https://www.wildberries.ru/catalog/0/search.aspx?search=аксессуар%20от%20натирания%20бедер%20(бандалетки)&xsearch=true&xsearch=true&sort=popular,10.0,781.4,716.0,819.0,1316.0,120.0,4644.0,10.0,10.0,10.0,51.0,57.0,53.4
616256,бейсболка 23,https://www.wildberries.ru/catalog/0/search.aspx?search=бейсболка%2023&xsearch=true&xsearch=true&sort=popular,56.0,897.125,366.0,2297.0,4.0,0.0,67.0,5.0,5.0,5.0,5.0,86.0,51.25
616520,плюшевый заяц или как игрушки становятся настоящими,https://www.wildberries.ru/catalog/0/search.aspx?search=плюшевый%20заяц%20или%20как%20игрушки%20становятся%20настоящими&xsearch=true&xsearch=true&sort=popular,1.0,618.0,618.0,618.0,58.0,58.0,58.0,1.0,1.0,1.0,68.0,68.0,68.0
616774,полка для ресивера,https://www.wildberries.ru/catalog/0/search.aspx?search=полка%20для%20ресивера&xsearch=true&xsearch=true&sort=popular,13.0,1005.1538461538463,441.0,2273.0,16.0,0.0,143.0,10.0,10.0,10.0,0.0,72.0,33.53846153846154
616924,крымская роза гидролат розы,https://www.wildberries.ru/catalog/0/search.aspx?search=крымская%20роза%20гидролат%20розы&xsearch=true&xsearch=true&sort=popular,4.0,606.25,415.0,840.0,39.0,26.0,67.0,4.0,4.0,4.0,5.0,10.0,7.5
617162,щенок под прикрытием,https://www.wildberries.ru/catalog/0/search.aspx?search=щенок%20под%20прикрытием&xsearch=true&xsearch=true&sort=popular,2.0,612.0,378.0,846.0,181.0,181.0,181.0,1.0,1.0,1.0,25.0,30.0,27.5
617250,вентилятор для машины,https://www.wildberries.ru/catalog/0/search.aspx?search=вентилятор%20для%20машины&xsearch=true&xsearch=true&sort=popular,41.0,1020.1219512195122,389.0,2836.0,24.0,0.0,263.0,32.0,29.0,29.0,0.0,98.0,43.02439024390244
617353,подвеска мама и дочь,https://www.wildberries.ru/catalog/0/search.aspx?search=подвеска%20мама%20и%20дочь&xsearch=true&xsearch=true&sort=popular,7.0,883.7142857142858,459.0,2748.0,13.0,0.0,41.0,2.0,2.0,2.0,36.0,82.0,60.57142857142857
617550,"рулонные шторы 72,5","https://www.wildberries.ru/catalog/0/search.aspx?search=рулонные%20шторы%2072,5&xsearch=true&xsearch=true&sort=popular",37.0,907.972972972973,709.0,1150.0,20.0,0.0,152.0,25.0,19.0,6.0,55.0,63.0,60.45945945945946
617780,плавки дефиле,https://www.wildberries.ru/catalog/0/search.aspx?search=плавки%20дефиле&xsearch=true&xsearch=true&sort=popular,16.0,788.0625,536.0,996.0,44.0,0.0,102.0,14.0,13.0,11.0,35.0,61.0,43.75
618133,плед детский светящийся,https://www.wildberries.ru/catalog/0/search.aspx?search=плед%20детский%20светящийся&xsearch=true&xsearch=true&sort=popular,72.0,1335.7916666666667,733.0,2822.0,21.0,0.0,334.0,32.0,32.0,15.0,5.0,83.0,54.486111111111114
618452,ведро полукруглое,https://www.wildberries.ru/catalog/0/search.aspx?search=ведро%20полукруглое&xsearch=true&xsearch=true&sort=popular,8.0,608.625,363.0,1253.0,42.0,0.0,324.0,4.0,4.0,4.0,3.0,57.0,29.875
618504,зейтун пудра,https://www.wildberries.ru/catalog/0/search.aspx?search=зейтун%20пудра&xsearch=true&xsearch=true&sort=popular,2.0,866.5,843.0,890.0,94.0,63.0,125.0,2.0,2.0,2.0,67.0,67.0,67.0
618507,средство для очистки капучинатора,https://www.wildberries.ru/catalog/0/search.aspx?search=средство%20для%20очистки%20капучинатора&xsearch=true&xsearch=true&sort=popular,4.0,1111.75,678.0,1990.0,55.0,5.0,135.0,4.0,2.0,2.0,0.0,69.0,28.5
618833,краткие ответы на большие вопросы,https://www.wildberries.ru/catalog/0/search.aspx?search=краткие%20ответы%20на%20большие%20вопросы&xsearch=true&xsearch=true&sort=popular,1.0,652.0,652.0,652.0,101.0,101.0,101.0,1.0,1.0,1.0,20.0,20.0,20.0
618989,фильтр аквафор а5,https://www.wildberries.ru/catalog/0/search.aspx?search=фильтр%20аквафор%20а5&xsearch=true&xsearch=true&sort=popular,81.0,1027.2222222222224,350.0,2910.0,141.0,0.0,1796.0,80.0,69.0,69.0,0.0,64.0,28.913580246913575
619143,ремешок для укулеле термопереводная,https://www.wildberries.ru/catalog/0/search.aspx?search=ремешок%20для%20укулеле%20термопереводная&xsearch=true&xsearch=true&sort=popular,23.0,1532.1739130434785,519.0,2100.0,5.0,0.0,86.0,9.0,9.0,9.0,3.0,72.0,52.78260869565217
619162,лариса ренар,https://www.wildberries.ru/catalog/0/search.aspx?search=лариса%20ренар&xsearch=true&xsearch=true&sort=popular,8.0,776.25,490.0,1585.0,28.0,0.0,116.0,8.0,2.0,2.0,21.0,50.0,35.625
619269,корзина для стирального порошка,https://www.wildberries.ru/catalog/0/search.aspx?search=корзина%20для%20стирального%20порошка&xsearch=true&xsearch=true&sort=popular,23.0,1353.304347826087,518.0,2160.0,9.0,0.0,66.0,9.0,2.0,1.0,0.0,75.0,56.30434782608695
619366,подлокотник ваз 2106,https://www.wildberries.ru/catalog/0/search.aspx?search=подлокотник%20ваз%202106&xsearch=true&xsearch=true&sort=popular,5.0,1310.2,1043.0,1530.0,16.0,0.0,57.0,3.0,3.0,3.0,14.0,33.0,25.2
619683,манго джинсы мальчик,https://www.wildberries.ru/catalog/0/search.aspx?search=манго%20джинсы%20мальчик&xsearch=true&xsearch=true&sort=popular,52.0,1542.9230769230771,799.0,2819.0,12.0,0.0,144.0,17.0,11.0,6.0,6.0,79.0,20.346153846153847
619904,шляпа красная жара,https://www.wildberries.ru/catalog/0/search.aspx?search=шляпа%20красная%20жара&xsearch=true&xsearch=true&sort=popular,15.0,1073.8666666666666,951.0,1786.0,41.0,0.0,115.0,13.0,13.0,8.0,3.0,14.0,11.4
620075,джинсы с напылением,https://www.wildberries.ru/catalog/0/search.aspx?search=джинсы%20с%20напылением&xsearch=true&xsearch=true&sort=popular,12.0,1606.166666666667,1171.0,1920.0,9.0,0.0,71.0,11.0,11.0,11.0,54.0,77.0,64.66666666666667
620120,гартера,https://www.wildberries.ru/catalog/0/search.aspx?search=гартера&xsearch=true&xsearch=true&sort=popular,9.0,1343.6666666666667,516.0,2562.0,7.0,0.0,56.0,4.0,4.0,4.0,39.0,85.0,65.8888888888889
620923,куклы модный шопинг халва,https://www.wildberries.ru/catalog/0/search.aspx?search=куклы%20модный%20шопинг%20халва&xsearch=true&xsearch=true&sort=popular,4.0,1387.5,1357.0,1425.0,32.0,23.0,43.0,4.0,4.0,2.0,65.0,66.0,65.5
621102,слава сэ,https://www.wildberries.ru/catalog/0/search.aspx?search=слава%20сэ&xsearch=true&xsearch=true&sort=popular,3.0,571.0,459.0,795.0,120.0,118.0,121.0,3.0,3.0,3.0,20.0,20.0,20.0
621632,детский халат с единорогом,https://www.wildberries.ru/catalog/0/search.aspx?search=детский%20халат%20с%20единорогом&xsearch=true&xsearch=true&sort=popular,63.0,1302.2698412698412,424.0,2616.0,9.0,0.0,71.0,15.0,11.0,11.0,28.0,77.0,54.88888888888889
621945,катя адушкина,https://www.wildberries.ru/catalog/0/search.aspx?search=катя%20адушкина&xsearch=true&xsearch=true&sort=popular,1.0,440.0,440.0,440.0,68.0,68.0,68.0,1.0,1.0,1.0,20.0,20.0,20.0
622561,ревлон тональный крем,https://www.wildberries.ru/catalog/0/search.aspx?search=ревлон%20тональный%20крем&xsearch=true&xsearch=true&sort=popular,18.0,704.0555555555555,420.0,886.0,84.0,0.0,418.0,8.0,7.0,7.0,20.0,50.0,35.77777777777778
622609,веледа тоник,https://www.wildberries.ru/catalog/0/search.aspx?search=веледа%20тоник&xsearch=true&xsearch=true&sort=popular,8.0,1006.25,561.0,2121.0,443.0,0.0,2922.0,5.0,5.0,3.0,19.0,30.0,23.875
623003,набор столовых приборов екатерина,https://www.wildberries.ru/catalog/0/search.aspx?search=набор%20столовых%20приборов%20екатерина&xsearch=true&xsearch=true&sort=popular,11.0,849.0909090909091,688.0,1259.0,9.0,0.0,61.0,2.0,1.0,1.0,37.0,71.0,57.09090909090909
623020,спрей для устранения аллергенов,https://www.wildberries.ru/catalog/0/search.aspx?search=спрей%20для%20устранения%20аллергенов&xsearch=true&xsearch=true&sort=popular,6.0,1416.333333333333,399.0,1975.0,13.0,0.0,65.0,2.0,2.0,2.0,22.0,80.0,49.83333333333334
623170,мягкие игрушки кошечки собачки,https://www.wildberries.ru/catalog/0/search.aspx?search=мягкие%20игрушки%20кошечки%20собачки&xsearch=true&xsearch=true&sort=popular,26.0,1106.5,475.0,1755.0,25.0,0.0,90.0,13.0,13.0,12.0,19.0,65.0,31.538461538461537
623290,мега паркинг,https://www.wildberries.ru/catalog/0/search.aspx?search=мега%20паркинг&xsearch=true&xsearch=true&sort=popular,16.0,1463.1875,765.0,2905.0,60.0,0.0,265.0,15.0,15.0,13.0,0.0,70.0,47.4375
623397,пурина про план,https://www.wildberries.ru/catalog/0/search.aspx?search=пурина%20про%20план&xsearch=true&xsearch=true&sort=popular,8.0,1333.5,727.0,2419.0,80.0,1.0,300.0,8.0,8.0,8.0,0.0,16.0,8.875
623496,бактерии скотный двор,https://www.wildberries.ru/catalog/0/search.aspx?search=бактерии%20скотный%20двор&xsearch=true&xsearch=true&sort=popular,20.0,794.9,378.0,1443.0,24.0,0.0,192.0,7.0,4.0,3.0,0.0,52.0,23.5
623511,зонт мужской черный автомат япония,https://www.wildberries.ru/catalog/0/search.aspx?search=зонт%20мужской%20черный%20автомат%20япония&xsearch=true&xsearch=true&sort=popular,36.0,1452.5277777777776,768.0,2749.0,24.0,0.0,388.0,23.0,22.0,19.0,44.0,77.0,66.6111111111111
623670,чехол аккумулятор на айфон 6,https://www.wildberries.ru/catalog/0/search.aspx?search=чехол%20аккумулятор%20на%20айфон%206&xsearch=true&xsearch=true&sort=popular,10.0,801.3,409.0,1799.0,21.0,0.0,146.0,7.0,1.0,1.0,35.0,77.0,54.5
624042,часы g-shock,https://www.wildberries.ru/catalog/0/search.aspx?search=часы%20g-shock&xsearch=true&xsearch=true&sort=popular,29.0,1191.2758620689654,384.0,2593.0,22.0,0.0,128.0,10.0,9.0,9.0,12.0,86.0,58.03448275862069
624201,тональный крем collagen 23,https://www.wildberries.ru/catalog/0/search.aspx?search=тональный%20крем%20collagen%2023&xsearch=true&xsearch=true&sort=popular,39.0,555.0769230769231,364.0,1520.0,26.0,0.0,510.0,6.0,3.0,3.0,0.0,79.0,40.82051282051282
624392,спейсер,https://www.wildberries.ru/catalog/0/search.aspx?search=спейсер&xsearch=true&xsearch=true&sort=popular,2.0,1415.5,1225.0,1606.0,89.0,23.0,155.0,2.0,2.0,1.0,5.0,15.0,10.0
624834,milky boost,https://www.wildberries.ru/catalog/0/search.aspx?search=milky%20boost&xsearch=true&xsearch=true&sort=popular,10.0,1786.0,1540.0,1950.0,42.0,0.0,156.0,4.0,4.0,4.0,35.0,45.0,39.0
624911,маленькая жизнь книга ханья,https://www.wildberries.ru/catalog/0/search.aspx?search=маленькая%20жизнь%20книга%20ханья&xsearch=true&xsearch=true&sort=popular,1.0,795.0,795.0,795.0,124.0,124.0,124.0,1.0,1.0,1.0,20.0,20.0,20.0
625079,бидструп,https://www.wildberries.ru/catalog/0/search.aspx?search=бидструп&xsearch=true&xsearch=true&sort=popular,1.0,845.0,845.0,845.0,130.0,130.0,130.0,1.0,1.0,1.0,68.0,68.0,68.0
625097,букварь ахмадуллин,https://www.wildberries.ru/catalog/0/search.aspx?search=букварь%20ахмадуллин&xsearch=true&xsearch=true&sort=popular,11.0,1065.6363636363637,648.0,1528.0,514.0,43.0,1434.0,11.0,11.0,11.0,72.0,88.0,79.0909090909091
625379,экстракт корня эврикомы,https://www.wildberries.ru/catalog/0/search.aspx?search=экстракт%20корня%20эврикомы&xsearch=true&xsearch=true&sort=popular,1.0,2588.0,2588.0,2588.0,128.0,128.0,128.0,1.0,1.0,1.0,18.0,18.0,18.0
625396,полотенце в роддом,https://www.wildberries.ru/catalog/0/search.aspx?search=полотенце%20в%20роддом&xsearch=true&xsearch=true&sort=popular,43.0,839.9302325581397,381.0,1410.0,23.0,0.0,204.0,25.0,18.0,11.0,33.0,82.0,53.534883720930225
625661,майор гром,https://www.wildberries.ru/catalog/0/search.aspx?search=майор%20гром&xsearch=true&xsearch=true&sort=popular,8.0,533.125,455.0,902.0,91.0,0.0,243.0,5.0,5.0,5.0,0.0,24.0,3.75
625988,экодачник удобрения,https://www.wildberries.ru/catalog/0/search.aspx?search=экодачник%20удобрения&xsearch=true&xsearch=true&sort=popular,10.0,578.4,460.0,902.0,50.0,19.0,106.0,10.0,10.0,7.0,13.0,36.0,24.4
626112,зарина джинсы момы,https://www.wildberries.ru/catalog/0/search.aspx?search=зарина%20джинсы%20момы&xsearch=true&xsearch=true&sort=popular,87.0,1252.1724137931035,581.0,2521.0,54.0,0.0,293.0,79.0,70.0,70.0,3.0,75.0,47.05747126436781
626134,пылесгон,https://www.wildberries.ru/catalog/0/search.aspx?search=пылесгон&xsearch=true&xsearch=true&sort=popular,2.0,627.5,565.0,690.0,64.0,21.0,107.0,2.0,2.0,1.0,40.0,40.0,40.0
626381,бердск бритва электрическая,https://www.wildberries.ru/catalog/0/search.aspx?search=бердск%20бритва%20электрическая&xsearch=true&xsearch=true&sort=popular,29.0,1450.1379310344828,915.0,2139.0,14.0,0.0,59.0,19.0,16.0,16.0,0.0,31.0,2.931034482758621
626476,сердце пармы,https://www.wildberries.ru/catalog/0/search.aspx?search=сердце%20пармы&xsearch=true&xsearch=true&sort=popular,2.0,520.0,509.0,531.0,27.0,1.0,53.0,1.0,1.0,1.0,28.0,31.0,29.5
626722,дмае,https://www.wildberries.ru/catalog/0/search.aspx?search=дмае&xsearch=true&xsearch=true&sort=popular,13.0,1166.3846153846155,498.0,2500.0,38.0,0.0,198.0,10.0,5.0,5.0,0.0,97.0,37.769230769230774
627154,швабры выручайка,https://www.wildberries.ru/catalog/0/search.aspx?search=швабры%20выручайка&xsearch=true&xsearch=true&sort=popular,42.0,968.0238095238096,371.0,2508.0,139.0,0.0,1222.0,35.0,35.0,32.0,28.0,86.0,63.42857142857143
627404,брызговики на шкоду рапид,https://www.wildberries.ru/catalog/0/search.aspx?search=брызговики%20на%20шкоду%20рапид&xsearch=true&xsearch=true&sort=popular,18.0,1007.5555555555555,661.0,1351.0,58.0,0.0,242.0,14.0,14.0,10.0,0.0,33.0,16.0
627891,фломастеры по номерам,https://www.wildberries.ru/catalog/0/search.aspx?search=фломастеры%20по%20номерам&xsearch=true&xsearch=true&sort=popular,10.0,961.1,367.0,1860.0,28.0,0.0,123.0,10.0,10.0,9.0,17.0,89.0,62.4
627959,чулки антиэмболические 2 класс,https://www.wildberries.ru/catalog/0/search.aspx?search=чулки%20антиэмболические%202%20класс&xsearch=true&xsearch=true&sort=popular,53.0,1104.2075471698113,375.0,2524.0,46.0,0.0,621.0,50.0,50.0,50.0,3.0,70.0,42.75471698113208
628035,утюг скарлет,https://www.wildberries.ru/catalog/0/search.aspx?search=утюг%20скарлет&xsearch=true&xsearch=true&sort=popular,30.0,1349.6,826.0,2201.0,19.0,0.0,181.0,30.0,30.0,6.0,0.0,51.0,10.666666666666666
628194,шампунь лошадиная сила,https://www.wildberries.ru/catalog/0/search.aspx?search=шампунь%20лошадиная%20сила&xsearch=true&xsearch=true&sort=popular,8.0,528.25,413.0,882.0,170.0,19.0,456.0,8.0,8.0,6.0,14.0,50.0,26.875
628257,джинсы зарина черные,https://www.wildberries.ru/catalog/0/search.aspx?search=джинсы%20зарина%20черные&xsearch=true&xsearch=true&sort=popular,11.0,933.1818181818179,427.0,1745.0,27.0,0.0,158.0,7.0,3.0,3.0,3.0,83.0,59.09090909090909
628417,неуловимое яйцо для собак,https://www.wildberries.ru/catalog/0/search.aspx?search=неуловимое%20яйцо%20для%20собак&xsearch=true&xsearch=true&sort=popular,9.0,738.2222222222223,413.0,1126.0,60.0,0.0,151.0,6.0,6.0,6.0,12.0,53.0,33.0
628613,очки для плавания полумаска,https://www.wildberries.ru/catalog/0/search.aspx?search=очки%20для%20плавания%20полумаска&xsearch=true&xsearch=true&sort=popular,27.0,1177.6666666666667,568.0,2372.0,6.0,0.0,45.0,6.0,1.0,1.0,5.0,58.0,27.51851851851852
629100,каарал маска,https://www.wildberries.ru/catalog/0/search.aspx?search=каарал%20маска&xsearch=true&xsearch=true&sort=popular,23.0,1648.6521739130435,449.0,2982.0,92.0,0.0,662.0,23.0,23.0,19.0,5.0,24.0,18.82608695652174
630647,медвежий угол книга,https://www.wildberries.ru/catalog/0/search.aspx?search=медвежий%20угол%20книга&xsearch=true&xsearch=true&sort=popular,4.0,795.5,358.0,1976.0,135.0,0.0,322.0,3.0,3.0,3.0,19.0,41.0,31.0
631655,насос 12 вольт,https://www.wildberries.ru/catalog/0/search.aspx?search=насос%2012%20вольт&xsearch=true&xsearch=true&sort=popular,5.0,1697.2,1026.0,2672.0,15.0,0.0,42.0,3.0,3.0,1.0,3.0,55.0,28.8
631672,стрейч армстронг,https://www.wildberries.ru/catalog/0/search.aspx?search=стрейч%20армстронг&xsearch=true&xsearch=true&sort=popular,19.0,1606.157894736842,397.0,2499.0,21.0,0.0,88.0,14.0,10.0,8.0,0.0,60.0,30.052631578947373
632037,очки адидас,https://www.wildberries.ru/catalog/0/search.aspx?search=очки%20адидас&xsearch=true&xsearch=true&sort=popular,10.0,1237.7,968.0,2279.0,77.0,8.0,329.0,8.0,7.0,7.0,5.0,49.0,35.0
632048,чевостик,https://www.wildberries.ru/catalog/0/search.aspx?search=чевостик&xsearch=true&xsearch=true&sort=popular,55.0,500.96363636363634,380.0,1150.0,6.0,0.0,42.0,28.0,21.0,21.0,3.0,49.0,18.96363636363636
632176,форма охраны,https://www.wildberries.ru/catalog/0/search.aspx?search=форма%20охраны&xsearch=true&xsearch=true&sort=popular,10.0,971.3,490.0,2584.0,35.0,1.0,115.0,5.0,5.0,4.0,0.0,78.0,36.2
632261,детская смесь малютка 4,https://www.wildberries.ru/catalog/0/search.aspx?search=детская%20смесь%20малютка%204&xsearch=true&xsearch=true&sort=popular,2.0,690.5,511.0,870.0,839.0,480.0,1197.0,2.0,2.0,2.0,0.0,10.0,5.0
632264,наборы для рисования для девочек,https://www.wildberries.ru/catalog/0/search.aspx?search=наборы%20для%20рисования%20для%20девочек&xsearch=true&xsearch=true&sort=popular,11.0,1072.6363636363637,478.0,2435.0,13.0,0.0,63.0,6.0,1.0,1.0,27.0,76.0,65.0909090909091
632311,турка эмалированная,https://www.wildberries.ru/catalog/0/search.aspx?search=турка%20эмалированная&xsearch=true&xsearch=true&sort=popular,20.0,923.05,510.0,2012.0,14.0,0.0,55.0,16.0,16.0,16.0,5.0,58.0,44.75
632721,гарри чепмен,https://www.wildberries.ru/catalog/0/search.aspx?search=гарри%20чепмен&xsearch=true&xsearch=true&sort=popular,8.0,651.375,362.0,1495.0,47.0,0.0,145.0,3.0,3.0,3.0,0.0,46.0,30.75
632743,сигнал охотника 3,https://www.wildberries.ru/catalog/0/search.aspx?search=сигнал%20охотника%203&xsearch=true&xsearch=true&sort=popular,8.0,887.125,481.0,1230.0,62.0,0.0,220.0,3.0,3.0,3.0,0.0,63.0,28.25
632825,якорь рыболовный,https://www.wildberries.ru/catalog/0/search.aspx?search=якорь%20рыболовный&xsearch=true&xsearch=true&sort=popular,8.0,1523.0,375.0,2481.0,15.0,0.0,113.0,1.0,1.0,1.0,7.0,51.0,34.0
633618,practi,https://www.wildberries.ru/catalog/0/search.aspx?search=practi&xsearch=true&xsearch=true&sort=popular,2.0,1025.0,999.0,1051.0,338.0,71.0,604.0,2.0,2.0,2.0,3.0,3.0,3.0
634012,подставка под цветы на колесиках,https://www.wildberries.ru/catalog/0/search.aspx?search=подставка%20под%20цветы%20на%20колесиках&xsearch=true&xsearch=true&sort=popular,32.0,863.78125,421.0,2464.0,7.0,0.0,65.0,25.0,25.0,25.0,3.0,71.0,42.28125
634021,ежедневник беременности,https://www.wildberries.ru/catalog/0/search.aspx?search=ежедневник%20беременности&xsearch=true&xsearch=true&sort=popular,19.0,833.0526315789474,364.0,1746.0,13.0,0.0,56.0,13.0,13.0,3.0,3.0,74.0,45.57894736842106
634094,духи зейтун,https://www.wildberries.ru/catalog/0/search.aspx?search=духи%20зейтун&xsearch=true&xsearch=true&sort=popular,17.0,740.0588235294118,495.0,1161.0,28.0,2.0,56.0,16.0,16.0,10.0,67.0,79.0,70.17647058823529
634513,книги про беременность,https://www.wildberries.ru/catalog/0/search.aspx?search=книги%20про%20беременность&xsearch=true&xsearch=true&sort=popular,13.0,807.6923076923077,432.0,1599.0,86.0,0.0,660.0,11.0,11.0,11.0,3.0,39.0,24.07692307692308
634669,соска для недоношенных,https://www.wildberries.ru/catalog/0/search.aspx?search=соска%20для%20недоношенных&xsearch=true&xsearch=true&sort=popular,9.0,1014.1111111111113,387.0,1391.0,31.0,7.0,86.0,8.0,6.0,3.0,3.0,47.0,24.555555555555557
634673,июния халаты,https://www.wildberries.ru/catalog/0/search.aspx?search=июния%20халаты&xsearch=true&xsearch=true&sort=popular,46.0,766.3260869565217,370.0,1437.0,73.0,0.0,634.0,46.0,43.0,23.0,44.0,84.0,57.30434782608695
634848,таранка,https://www.wildberries.ru/catalog/0/search.aspx?search=таранка&xsearch=true&xsearch=true&sort=popular,4.0,2317.5,1497.0,2812.0,375.0,0.0,1010.0,3.0,3.0,3.0,18.0,51.0,35.25
634910,всемирная история филипок,https://www.wildberries.ru/catalog/0/search.aspx?search=всемирная%20история%20филипок&xsearch=true&xsearch=true&sort=popular,3.0,838.6666666666665,708.0,1100.0,245.0,44.0,397.0,3.0,3.0,3.0,79.0,84.0,82.0
634956,рупи каур,https://www.wildberries.ru/catalog/0/search.aspx?search=рупи%20каур&xsearch=true&xsearch=true&sort=popular,2.0,689.5,572.0,807.0,51.0,10.0,91.0,2.0,2.0,2.0,26.0,37.0,31.5
635669,коврик для загара,https://www.wildberries.ru/catalog/0/search.aspx?search=коврик%20для%20загара&xsearch=true&xsearch=true&sort=popular,14.0,1056.2142857142858,409.0,1762.0,20.0,0.0,202.0,3.0,2.0,1.0,19.0,73.0,50.85714285714285
635761,флэшка браслет,https://www.wildberries.ru/catalog/0/search.aspx?search=флэшка%20браслет&xsearch=true&xsearch=true&sort=popular,3.0,766.3333333333335,595.0,905.0,90.0,5.0,177.0,3.0,3.0,3.0,54.0,80.0,63.66666666666666
635884,почему мы так поступаем,https://www.wildberries.ru/catalog/0/search.aspx?search=почему%20мы%20так%20поступаем&xsearch=true&xsearch=true&sort=popular,3.0,469.33333333333326,450.0,486.0,104.0,3.0,304.0,3.0,3.0,3.0,28.0,42.0,36.333333333333336
636095,очки в форме огня,https://www.wildberries.ru/catalog/0/search.aspx?search=очки%20в%20форме%20огня&xsearch=true&xsearch=true&sort=popular,23.0,920.9565217391304,418.0,2037.0,70.0,2.0,279.0,21.0,18.0,16.0,3.0,86.0,41.08695652173913
636118,excel glucosamine,https://www.wildberries.ru/catalog/0/search.aspx?search=excel%20glucosamine&xsearch=true&xsearch=true&sort=popular,5.0,1255.2,865.0,1892.0,47.0,0.0,109.0,3.0,3.0,3.0,0.0,30.0,11.6
636201,fusion5 proglide,https://www.wildberries.ru/catalog/0/search.aspx?search=fusion5%20proglide&xsearch=true&xsearch=true&sort=popular,30.0,1302.6,431.0,2964.0,421.0,1.0,2358.0,27.0,27.0,27.0,0.0,25.0,12.566666666666665
636240,весна мишки бруно,https://www.wildberries.ru/catalog/0/search.aspx?search=весна%20мишки%20бруно&xsearch=true&xsearch=true&sort=popular,5.0,461.2,401.0,552.0,44.0,10.0,78.0,5.0,5.0,5.0,15.0,32.0,24.2
636349,пропитка мокрый камень,https://www.wildberries.ru/catalog/0/search.aspx?search=пропитка%20мокрый%20камень&xsearch=true&xsearch=true&sort=popular,1.0,376.0,376.0,376.0,117.0,117.0,117.0,1.0,1.0,1.0,43.0,43.0,43.0
636604,для бровей l'oreal,https://www.wildberries.ru/catalog/0/search.aspx?search=для%20бровей%20l'oreal&xsearch=true&xsearch=true&sort=popular,10.0,654.0,377.0,899.0,34.0,0.0,125.0,7.0,7.0,5.0,0.0,31.0,25.6
636667,дырокол в ремнях,https://www.wildberries.ru/catalog/0/search.aspx?search=дырокол%20в%20ремнях&xsearch=true&xsearch=true&sort=popular,21.0,901.2857142857144,382.0,2790.0,48.0,0.0,291.0,19.0,14.0,14.0,15.0,80.0,50.85714285714285
636926,терка шинковка лепсе,https://www.wildberries.ru/catalog/0/search.aspx?search=терка%20шинковка%20лепсе&xsearch=true&xsearch=true&sort=popular,7.0,1114.4285714285713,1065.0,1179.0,23.0,0.0,58.0,7.0,7.0,7.0,0.0,80.0,38.285714285714285
637003,чемодан с фломастеры,https://www.wildberries.ru/catalog/0/search.aspx?search=чемодан%20с%20фломастеры&xsearch=true&xsearch=true&sort=popular,15.0,1198.6,589.0,2000.0,19.0,0.0,177.0,4.0,4.0,4.0,0.0,73.0,42.333333333333336
637188,вратарь и море,https://www.wildberries.ru/catalog/0/search.aspx?search=вратарь%20и%20море&xsearch=true&xsearch=true&sort=popular,1.0,686.0,686.0,686.0,142.0,142.0,142.0,1.0,1.0,1.0,42.0,42.0,42.0
637206,стивен хокинг теория всего,https://www.wildberries.ru/catalog/0/search.aspx?search=стивен%20хокинг%20теория%20всего&xsearch=true&xsearch=true&sort=popular,10.0,639.1,408.0,976.0,18.0,0.0,91.0,4.0,3.0,3.0,20.0,48.0,32.5
637442,джинсы на девочку модис,https://www.wildberries.ru/catalog/0/search.aspx?search=джинсы%20на%20девочку%20модис&xsearch=true&xsearch=true&sort=popular,18.0,776.5,496.0,1551.0,27.0,0.0,85.0,11.0,8.0,7.0,3.0,46.0,28.66666666666667
637543,термос для еды биосталь,https://www.wildberries.ru/catalog/0/search.aspx?search=термос%20для%20еды%20биосталь&xsearch=true&xsearch=true&sort=popular,48.0,1436.5625,915.0,2953.0,62.0,0.0,601.0,33.0,28.0,28.0,0.0,63.0,39.145833333333336
637762,накажи меня,https://www.wildberries.ru/catalog/0/search.aspx?search=накажи%20меня&xsearch=true&xsearch=true&sort=popular,5.0,1177.8,570.0,2057.0,18.0,0.0,75.0,3.0,3.0,3.0,38.0,60.0,49.6
637880,халат детский единорог,https://www.wildberries.ru/catalog/0/search.aspx?search=халат%20детский%20единорог&xsearch=true&xsearch=true&sort=popular,63.0,1310.3809523809525,424.0,2616.0,9.0,0.0,71.0,15.0,11.0,11.0,28.0,77.0,54.57142857142857
638258,соль таблетированная 25 кг,https://www.wildberries.ru/catalog/0/search.aspx?search=соль%20таблетированная%2025%20кг&xsearch=true&xsearch=true&sort=popular,6.0,652.1666666666666,370.0,892.0,73.0,0.0,147.0,6.0,6.0,5.0,14.0,37.0,27.33333333333333
638533,пудра infaillible,https://www.wildberries.ru/catalog/0/search.aspx?search=пудра%20infaillible&xsearch=true&xsearch=true&sort=popular,1.0,879.0,879.0,879.0,118.0,118.0,118.0,1.0,1.0,1.0,0.0,0.0,0.0
638621,сланцы адидас на мальчика,https://www.wildberries.ru/catalog/0/search.aspx?search=сланцы%20адидас%20на%20мальчика&xsearch=true&xsearch=true&sort=popular,18.0,1057.4444444444443,823.0,1410.0,16.0,0.0,81.0,7.0,5.0,4.0,43.0,51.0,47.055555555555564
638923,ведро эмалированное с крышкой,https://www.wildberries.ru/catalog/0/search.aspx?search=ведро%20эмалированное%20с%20крышкой&xsearch=true&xsearch=true&sort=popular,7.0,1902.4285714285716,996.0,2861.0,68.0,0.0,199.0,7.0,7.0,7.0,0.0,51.0,10.0
638963,upcourt 3,https://www.wildberries.ru/catalog/0/search.aspx?search=upcourt%203&xsearch=true&xsearch=true&sort=popular,9.0,2374.1111111111113,1795.0,2694.0,48.0,1.0,130.0,6.0,6.0,5.0,40.0,50.0,44.22222222222222
639008,переноска для котенка,https://www.wildberries.ru/catalog/0/search.aspx?search=переноска%20для%20котенка&xsearch=true&xsearch=true&sort=popular,44.0,1504.0454545454545,531.0,2715.0,10.0,0.0,70.0,24.0,12.0,7.0,5.0,73.0,44.59090909090909
639034,кронштейн для микроволновки,https://www.wildberries.ru/catalog/0/search.aspx?search=кронштейн%20для%20микроволновки&xsearch=true&xsearch=true&sort=popular,19.0,798.263157894737,468.0,1330.0,49.0,0.0,314.0,17.0,14.0,14.0,0.0,84.0,40.631578947368425
639163,эл зубная щетка,https://www.wildberries.ru/catalog/0/search.aspx?search=эл%20зубная%20щетка&xsearch=true&xsearch=true&sort=popular,3.0,1040.6666666666667,849.0,1424.0,386.0,0.0,852.0,2.0,2.0,2.0,5.0,58.0,40.333333333333336
639225,атлас определитель от земли до неба,https://www.wildberries.ru/catalog/0/search.aspx?search=атлас%20определитель%20от%20земли%20до%20неба&xsearch=true&xsearch=true&sort=popular,8.0,519.375,390.0,709.0,101.0,1.0,420.0,7.0,7.0,7.0,0.0,47.0,32.5
639857,разум чемпионов,https://www.wildberries.ru/catalog/0/search.aspx?search=разум%20чемпионов&xsearch=true&xsearch=true&sort=popular,2.0,473.5,460.0,487.0,37.0,16.0,58.0,2.0,1.0,1.0,40.0,40.0,40.0
639881,алмазная мозаика икона божьей матери,https://www.wildberries.ru/catalog/0/search.aspx?search=алмазная%20мозаика%20икона%20божьей%20матери&xsearch=true&xsearch=true&sort=popular,66.0,857.530303030303,450.0,2808.0,7.0,0.0,82.0,64.0,50.0,24.0,0.0,82.0,49.43939393939394
640071,простыня на резинке 140х200 перкаль,https://www.wildberries.ru/catalog/0/search.aspx?search=простыня%20на%20резинке%20140х200%20перкаль&xsearch=true&xsearch=true&sort=popular,81.0,880.2222222222223,600.0,1432.0,7.0,0.0,45.0,40.0,12.0,1.0,10.0,76.0,56.913580246913575
640334,селенцин шампунь,https://www.wildberries.ru/catalog/0/search.aspx?search=селенцин%20шампунь&xsearch=true&xsearch=true&sort=popular,3.0,593.0,566.0,647.0,144.0,71.0,235.0,3.0,3.0,3.0,21.0,21.0,21.0
640373,рулонные шторы блэкаут 48,https://www.wildberries.ru/catalog/0/search.aspx?search=рулонные%20шторы%20блэкаут%2048&xsearch=true&xsearch=true&sort=popular,13.0,1244.6153846153845,812.0,1461.0,64.0,0.0,293.0,10.0,10.0,6.0,42.0,57.0,47.69230769230769
641187,rocs medical minerals,https://www.wildberries.ru/catalog/0/search.aspx?search=rocs%20medical%20minerals&xsearch=true&xsearch=true&sort=popular,8.0,703.375,369.0,1344.0,248.0,0.0,1222.0,7.0,6.0,6.0,20.0,69.0,35.0
641713,люк пирсон,https://www.wildberries.ru/catalog/0/search.aspx?search=люк%20пирсон&xsearch=true&xsearch=true&sort=popular,4.0,706.25,706.0,707.0,24.0,14.0,46.0,4.0,2.0,1.0,28.0,42.0,35.0
641917,удивительное фэнтези,https://www.wildberries.ru/catalog/0/search.aspx?search=удивительное%20фэнтези&xsearch=true&xsearch=true&sort=popular,1.0,998.0,998.0,998.0,76.0,76.0,76.0,1.0,1.0,1.0,29.0,29.0,29.0
642017,магические послания ангелов,https://www.wildberries.ru/catalog/0/search.aspx?search=магические%20послания%20ангелов&xsearch=true&xsearch=true&sort=popular,6.0,847.0,425.0,1014.0,23.0,4.0,48.0,5.0,5.0,1.0,14.0,14.0,14.0
642018,плед 160 110,https://www.wildberries.ru/catalog/0/search.aspx?search=плед%20160%20110&xsearch=true&xsearch=true&sort=popular,24.0,1473.791666666667,780.0,2176.0,5.0,0.0,54.0,10.0,7.0,7.0,22.0,68.0,47.04166666666666
642039,l карнитин 3000,https://www.wildberries.ru/catalog/0/search.aspx?search=l%20карнитин%203000&xsearch=true&xsearch=true&sort=popular,53.0,1335.9811320754718,705.0,2690.0,17.0,0.0,157.0,51.0,51.0,51.0,0.0,65.0,32.22641509433962
642711,mysize,https://www.wildberries.ru/catalog/0/search.aspx?search=mysize&xsearch=true&xsearch=true&sort=popular,45.0,1261.0,353.0,2953.0,23.0,0.0,229.0,44.0,43.0,42.0,0.0,40.0,19.33333333333333
642979,максим батырев,https://www.wildberries.ru/catalog/0/search.aspx?search=максим%20батырев&xsearch=true&xsearch=true&sort=popular,5.0,1200.4,837.0,2251.0,112.0,9.0,198.0,4.0,4.0,4.0,3.0,38.0,27.4
643246,летние панамы для малышей,https://www.wildberries.ru/catalog/0/search.aspx?search=летние%20панамы%20для%20малышей&xsearch=true&xsearch=true&sort=popular,13.0,1066.6153846153843,491.0,2386.0,11.0,0.0,91.0,3.0,1.0,1.0,7.0,65.0,38.846153846153854
643397,бизикубики,https://www.wildberries.ru/catalog/0/search.aspx?search=бизикубики&xsearch=true&xsearch=true&sort=popular,19.0,793.1052631578948,560.0,2334.0,17.0,0.0,51.0,13.0,7.0,6.0,26.0,44.0,39.368421052631575
643562,алмазная мозаика четыре сезона,https://www.wildberries.ru/catalog/0/search.aspx?search=алмазная%20мозаика%20четыре%20сезона&xsearch=true&xsearch=true&sort=popular,4.0,1434.75,508.0,2189.0,19.0,0.0,73.0,1.0,1.0,1.0,0.0,61.0,34.0
643648,футбольная форма неймар,https://www.wildberries.ru/catalog/0/search.aspx?search=футбольная%20форма%20неймар&xsearch=true&xsearch=true&sort=popular,21.0,939.047619047619,491.0,1102.0,53.0,0.0,193.0,14.0,13.0,10.0,25.0,66.0,52.28571428571429
643834,села рюкзак,https://www.wildberries.ru/catalog/0/search.aspx?search=села%20рюкзак&xsearch=true&xsearch=true&sort=popular,9.0,784.0,478.0,1745.0,15.0,0.0,49.0,5.0,3.0,1.0,23.0,68.0,57.0
643907,стеклянная ручка перо,https://www.wildberries.ru/catalog/0/search.aspx?search=стеклянная%20ручка%20перо&xsearch=true&xsearch=true&sort=popular,3.0,716.0,589.0,880.0,33.0,19.0,53.0,3.0,2.0,2.0,14.0,56.0,36.0
644059,полка для роутера,https://www.wildberries.ru/catalog/0/search.aspx?search=полка%20для%20роутера&xsearch=true&xsearch=true&sort=popular,32.0,904.25,425.0,1985.0,30.0,0.0,236.0,32.0,31.0,30.0,5.0,90.0,41.3125
644060,готовимся к школе с нейропсихологом,https://www.wildberries.ru/catalog/0/search.aspx?search=готовимся%20к%20школе%20с%20нейропсихологом&xsearch=true&xsearch=true&sort=popular,1.0,738.0,738.0,738.0,45.0,45.0,45.0,1.0,1.0,1.0,51.0,51.0,51.0
644357,авокадо тапки,https://www.wildberries.ru/catalog/0/search.aspx?search=авокадо%20тапки&xsearch=true&xsearch=true&sort=popular,9.0,1757.888888888889,970.0,2310.0,19.0,0.0,49.0,7.0,5.0,5.0,30.0,75.0,44.77777777777778
644546,плей до пицца,https://www.wildberries.ru/catalog/0/search.aspx?search=плей%20до%20пицца&xsearch=true&xsearch=true&sort=popular,6.0,1588.0,393.0,2354.0,31.0,0.0,162.0,2.0,1.0,1.0,0.0,81.0,39.5
644769,столик автомобильный детский,https://www.wildberries.ru/catalog/0/search.aspx?search=столик%20автомобильный%20детский&xsearch=true&xsearch=true&sort=popular,41.0,1607.9268292682927,411.0,2992.0,14.0,0.0,116.0,20.0,6.0,5.0,3.0,71.0,36.0
644782,электронный графический многоцветный планшет,https://www.wildberries.ru/catalog/0/search.aspx?search=электронный%20графический%20многоцветный%20планшет&xsearch=true&xsearch=true&sort=popular,6.0,791.1666666666665,516.0,918.0,89.0,3.0,345.0,4.0,3.0,2.0,24.0,78.0,61.0
645355,а.п.лопухин,https://www.wildberries.ru/catalog/0/search.aspx?search=а.п.лопухин&xsearch=true&xsearch=true&sort=popular,2.0,713.0,687.0,739.0,130.0,14.0,246.0,2.0,1.0,1.0,61.0,64.0,62.5
645557,рыбалка жирафики,https://www.wildberries.ru/catalog/0/search.aspx?search=рыбалка%20жирафики&xsearch=true&xsearch=true&sort=popular,4.0,765.75,414.0,1013.0,149.0,0.0,379.0,3.0,3.0,3.0,25.0,42.0,36.25
645647,детское питание нестожен,https://www.wildberries.ru/catalog/0/search.aspx?search=детское%20питание%20нестожен&xsearch=true&xsearch=true&sort=popular,8.0,910.125,464.0,1611.0,1178.0,177.0,2748.0,8.0,8.0,8.0,0.0,30.0,15.625
645841,виши тональный крем,https://www.wildberries.ru/catalog/0/search.aspx?search=виши%20тональный%20крем&xsearch=true&xsearch=true&sort=popular,9.0,2111.444444444445,1554.0,2571.0,52.0,2.0,166.0,7.0,5.0,5.0,5.0,24.0,11.333333333333336
646266,комбикорм для кур,https://www.wildberries.ru/catalog/0/search.aspx?search=комбикорм%20для%20кур&xsearch=true&xsearch=true&sort=popular,19.0,672.578947368421,361.0,1466.0,26.0,0.0,88.0,15.0,13.0,9.0,0.0,30.0,6.105263157894738
646398,палетка теней 120 цветов,https://www.wildberries.ru/catalog/0/search.aspx?search=палетка%20теней%20120%20цветов&xsearch=true&xsearch=true&sort=popular,12.0,909.75,594.0,1402.0,81.0,0.0,596.0,11.0,4.0,4.0,15.0,82.0,56.66666666666666
646438,номерная рамка с камерой,https://www.wildberries.ru/catalog/0/search.aspx?search=номерная%20рамка%20с%20камерой&xsearch=true&xsearch=true&sort=popular,74.0,1433.1216216216214,779.0,2985.0,7.0,0.0,56.0,17.0,17.0,17.0,0.0,79.0,44.21621621621622
646787,кепка мужская рибок,https://www.wildberries.ru/catalog/0/search.aspx?search=кепка%20мужская%20рибок&xsearch=true&xsearch=true&sort=popular,34.0,967.8529411764706,531.0,1899.0,67.0,0.0,391.0,24.0,23.0,23.0,5.0,62.0,44.11764705882353
646948,она не объясняет он не догадывается,https://www.wildberries.ru/catalog/0/search.aspx?search=она%20не%20объясняет%20он%20не%20догадывается&xsearch=true&xsearch=true&sort=popular,5.0,673.0,396.0,921.0,11.0,0.0,42.0,5.0,5.0,5.0,3.0,59.0,39.8
646972,сокровища пиратов времени,https://www.wildberries.ru/catalog/0/search.aspx?search=сокровища%20пиратов%20времени&xsearch=true&xsearch=true&sort=popular,2.0,966.5,575.0,1358.0,77.0,77.0,77.0,1.0,1.0,1.0,25.0,30.0,27.5
647046,kumon простые лабиринты,https://www.wildberries.ru/catalog/0/search.aspx?search=kumon%20простые%20лабиринты&xsearch=true&xsearch=true&sort=popular,3.0,478.33333333333326,450.0,511.0,30.0,2.0,71.0,2.0,1.0,1.0,20.0,38.0,27.33333333333333
647359,мода для мужчин бумажник,https://www.wildberries.ru/catalog/0/search.aspx?search=мода%20для%20мужчин%20бумажник&xsearch=true&xsearch=true&sort=popular,31.0,817.7096774193549,494.0,1127.0,27.0,0.0,189.0,25.0,13.0,11.0,51.0,78.0,61.87096774193547
647422,ласточкино гнездо алмазная живопись,https://www.wildberries.ru/catalog/0/search.aspx?search=ласточкино%20гнездо%20алмазная%20живопись&xsearch=true&xsearch=true&sort=popular,10.0,1560.4,399.0,2184.0,11.0,0.0,106.0,1.0,1.0,1.0,7.0,70.0,38.1
647906,каска с банками,https://www.wildberries.ru/catalog/0/search.aspx?search=каска%20с%20банками&xsearch=true&xsearch=true&sort=popular,23.0,993.695652173913,695.0,1325.0,9.0,0.0,62.0,7.0,7.0,1.0,7.0,43.0,21.0
648055,ш ахмадуллин,https://www.wildberries.ru/catalog/0/search.aspx?search=ш%20ахмадуллин&xsearch=true&xsearch=true&sort=popular,58.0,874.3620689655173,439.0,2078.0,324.0,3.0,1434.0,57.0,57.0,55.0,40.0,89.0,71.60344827586206
648249,сорочка в род дом,https://www.wildberries.ru/catalog/0/search.aspx?search=сорочка%20в%20род%20дом&xsearch=true&xsearch=true&sort=popular,44.0,1175.9772727272727,642.0,1647.0,20.0,0.0,187.0,37.0,36.0,34.0,34.0,74.0,61.47727272727273
648608,конни изучает тело,https://www.wildberries.ru/catalog/0/search.aspx?search=конни%20изучает%20тело&xsearch=true&xsearch=true&sort=popular,1.0,531.0,531.0,531.0,65.0,65.0,65.0,1.0,1.0,1.0,28.0,28.0,28.0
648611,ежедневник позитивненький,https://www.wildberries.ru/catalog/0/search.aspx?search=ежедневник%20позитивненький&xsearch=true&xsearch=true&sort=popular,4.0,561.5,539.0,598.0,64.0,0.0,248.0,1.0,1.0,1.0,53.0,75.0,62.75
648628,мейбелин блеск,https://www.wildberries.ru/catalog/0/search.aspx?search=мейбелин%20блеск&xsearch=true&xsearch=true&sort=popular,8.0,418.875,397.0,422.0,201.0,98.0,265.0,8.0,8.0,8.0,19.0,24.0,19.625
648648,цифровой меридиан,https://www.wildberries.ru/catalog/0/search.aspx?search=цифровой%20меридиан&xsearch=true&xsearch=true&sort=popular,20.0,906.45,478.0,2495.0,134.0,0.0,2354.0,18.0,18.0,18.0,25.0,98.0,64.7
648987,история старой квартиры,https://www.wildberries.ru/catalog/0/search.aspx?search=история%20старой%20квартиры&xsearch=true&xsearch=true&sort=popular,1.0,1281.0,1281.0,1281.0,75.0,75.0,75.0,1.0,1.0,1.0,42.0,42.0,42.0
649042,гинокомфорт гель,https://www.wildberries.ru/catalog/0/search.aspx?search=гинокомфорт%20гель&xsearch=true&xsearch=true&sort=popular,7.0,420.71428571428567,369.0,588.0,317.0,202.0,560.0,7.0,7.0,7.0,5.0,52.0,11.714285714285715
649065,про бабулечек,https://www.wildberries.ru/catalog/0/search.aspx?search=про%20бабулечек&xsearch=true&xsearch=true&sort=popular,2.0,754.0,356.0,1152.0,189.0,183.0,194.0,2.0,2.0,2.0,30.0,30.0,30.0
649344,эмоциональный интеллект дэниел гоулман,https://www.wildberries.ru/catalog/0/search.aspx?search=эмоциональный%20интеллект%20дэниел%20гоулман&xsearch=true&xsearch=true&sort=popular,4.0,723.0,541.0,840.0,52.0,2.0,188.0,3.0,1.0,1.0,20.0,42.0,33.25
649531,алмазная мозаика утро в деревне,https://www.wildberries.ru/catalog/0/search.aspx?search=алмазная%20мозаика%20утро%20в%20деревне&xsearch=true&xsearch=true&sort=popular,2.0,1610.5,1032.0,2189.0,121.0,1.0,241.0,1.0,1.0,1.0,0.0,44.0,22.0
649663,силикагелевый наполнитель йо,https://www.wildberries.ru/catalog/0/search.aspx?search=силикагелевый%20наполнитель%20йо&xsearch=true&xsearch=true&sort=popular,9.0,690.0,410.0,1035.0,76.0,3.0,192.0,6.0,6.0,5.0,0.0,10.0,6.666666666666668
649773,жидкость для вейп,https://www.wildberries.ru/catalog/0/search.aspx?search=жидкость%20для%20вейп&xsearch=true&xsearch=true&sort=popular,30.0,517.9,396.0,599.0,12.0,0.0,44.0,21.0,19.0,17.0,0.0,19.0,6.566666666666666
649843,дубликатор,https://www.wildberries.ru/catalog/0/search.aspx?search=дубликатор&xsearch=true&xsearch=true&sort=popular,36.0,880.1388888888888,378.0,1740.0,12.0,0.0,284.0,15.0,2.0,1.0,0.0,62.0,20.694444444444443
649887,мужской корсет для похудения,https://www.wildberries.ru/catalog/0/search.aspx?search=мужской%20корсет%20для%20похудения&xsearch=true&xsearch=true&sort=popular,11.0,1516.4545454545455,486.0,2207.0,19.0,1.0,66.0,11.0,11.0,11.0,20.0,63.0,39.54545454545455
650428,чему не учат в школе книга,https://www.wildberries.ru/catalog/0/search.aspx?search=чему%20не%20учат%20в%20школе%20книга&xsearch=true&xsearch=true&sort=popular,4.0,878.5,506.0,1413.0,62.0,0.0,178.0,2.0,2.0,2.0,14.0,35.0,25.5
650573,аверкиева,https://www.wildberries.ru/catalog/0/search.aspx?search=аверкиева&xsearch=true&xsearch=true&sort=popular,6.0,839.6666666666665,680.0,1509.0,64.0,0.0,137.0,6.0,6.0,6.0,19.0,37.0,33.333333333333336
650809,поднос с решеткой для сушки,https://www.wildberries.ru/catalog/0/search.aspx?search=поднос%20с%20решеткой%20для%20сушки&xsearch=true&xsearch=true&sort=popular,2.0,491.5,410.0,573.0,71.0,9.0,132.0,1.0,1.0,1.0,28.0,32.0,30.0
650904,стойка для сверления зажим,https://www.wildberries.ru/catalog/0/search.aspx?search=стойка%20для%20сверления%20зажим&xsearch=true&xsearch=true&sort=popular,5.0,1240.8,945.0,2170.0,36.0,0.0,173.0,2.0,2.0,2.0,0.0,44.0,10.8
650981,книга финдус,https://www.wildberries.ru/catalog/0/search.aspx?search=книга%20финдус&xsearch=true&xsearch=true&sort=popular,12.0,466.83333333333326,385.0,889.0,168.0,4.0,408.0,11.0,11.0,11.0,47.0,48.0,47.08333333333334
651069,максим ильяхов,https://www.wildberries.ru/catalog/0/search.aspx?search=максим%20ильяхов&xsearch=true&xsearch=true&sort=popular,8.0,723.0,411.0,979.0,227.0,2.0,1169.0,8.0,8.0,3.0,20.0,46.0,28.75
651070,теремок полесье,https://www.wildberries.ru/catalog/0/search.aspx?search=теремок%20полесье&xsearch=true&xsearch=true&sort=popular,14.0,1487.428571428571,549.0,2659.0,7.0,0.0,65.0,7.0,1.0,1.0,0.0,55.0,32.07142857142857
651199,зверопутаница,https://www.wildberries.ru/catalog/0/search.aspx?search=зверопутаница&xsearch=true&xsearch=true&sort=popular,1.0,354.0,354.0,354.0,54.0,54.0,54.0,1.0,1.0,1.0,51.0,51.0,51.0
651312,бейсболки пума,https://www.wildberries.ru/catalog/0/search.aspx?search=бейсболки%20пума&xsearch=true&xsearch=true&sort=popular,72.0,792.2638888888888,572.0,1794.0,75.0,0.0,476.0,36.0,25.0,25.0,24.0,60.0,42.083333333333336
651430,подгузники для домашних животных,https://www.wildberries.ru/catalog/0/search.aspx?search=подгузники%20для%20домашних%20животных&xsearch=true&xsearch=true&sort=popular,17.0,757.2352941176471,350.0,1157.0,35.0,0.0,198.0,8.0,8.0,8.0,0.0,46.0,23.176470588235286
651872,книга давай поговорим про это,https://www.wildberries.ru/catalog/0/search.aspx?search=книга%20давай%20поговорим%20про%20это&xsearch=true&xsearch=true&sort=popular,5.0,881.0,408.0,1260.0,194.0,12.0,660.0,5.0,5.0,5.0,3.0,32.0,17.8
651975,аквагрим радуга,https://www.wildberries.ru/catalog/0/search.aspx?search=аквагрим%20радуга&xsearch=true&xsearch=true&sort=popular,2.0,1066.5,727.0,1406.0,194.0,88.0,300.0,2.0,2.0,2.0,32.0,32.0,32.0
651989,алмазная мозаика на подрамнике корги,https://www.wildberries.ru/catalog/0/search.aspx?search=алмазная%20мозаика%20на%20подрамнике%20корги&xsearch=true&xsearch=true&sort=popular,18.0,918.2777777777777,418.0,2128.0,21.0,0.0,169.0,6.0,6.0,3.0,0.0,74.0,38.833333333333336
652833,фаллоудлинитель,https://www.wildberries.ru/catalog/0/search.aspx?search=фаллоудлинитель&xsearch=true&xsearch=true&sort=popular,59.0,1136.1016949152545,699.0,1590.0,11.0,0.0,126.0,45.0,45.0,45.0,0.0,65.0,24.610169491525426
652967,хромоэнергетический комплекс,https://www.wildberries.ru/catalog/0/search.aspx?search=хромоэнергетический%20комплекс&xsearch=true&xsearch=true&sort=popular,1.0,656.0,656.0,656.0,708.0,708.0,708.0,1.0,1.0,1.0,25.0,25.0,25.0
653319,бьюти бокс рив гош,https://www.wildberries.ru/catalog/0/search.aspx?search=бьюти%20бокс%20рив%20гош&xsearch=true&xsearch=true&sort=popular,2.0,676.0,675.0,677.0,272.0,28.0,516.0,2.0,2.0,1.0,60.0,67.0,63.5
653778,книга секреты машин,https://www.wildberries.ru/catalog/0/search.aspx?search=книга%20секреты%20машин&xsearch=true&xsearch=true&sort=popular,3.0,714.6666666666665,420.0,894.0,43.0,0.0,128.0,1.0,1.0,1.0,0.0,62.0,37.66666666666666
653783,бывшие наталья краснова,https://www.wildberries.ru/catalog/0/search.aspx?search=бывшие%20наталья%20краснова&xsearch=true&xsearch=true&sort=popular,1.0,459.0,459.0,459.0,89.0,89.0,89.0,1.0,1.0,1.0,20.0,20.0,20.0
654267,мерч влада а4,https://www.wildberries.ru/catalog/0/search.aspx?search=мерч%20влада%20а4&xsearch=true&xsearch=true&sort=popular,10.0,654.8,441.0,929.0,33.0,0.0,246.0,10.0,10.0,10.0,12.0,61.0,47.4
654499,бальзам усиливающий цвет губ,https://www.wildberries.ru/catalog/0/search.aspx?search=бальзам%20усиливающий%20цвет%20губ&xsearch=true&xsearch=true&sort=popular,5.0,1084.6,367.0,1932.0,90.0,0.0,446.0,1.0,1.0,1.0,10.0,51.0,24.6
654590,правила развития мозга,https://www.wildberries.ru/catalog/0/search.aspx?search=правила%20развития%20мозга&xsearch=true&xsearch=true&sort=popular,5.0,851.0,560.0,1210.0,24.0,4.0,66.0,2.0,2.0,2.0,25.0,33.0,26.6
654699,каша бибиколь,https://www.wildberries.ru/catalog/0/search.aspx?search=каша%20бибиколь&xsearch=true&xsearch=true&sort=popular,4.0,752.0,707.0,818.0,150.0,120.0,213.0,4.0,4.0,4.0,21.0,30.0,24.25
654889,питание в большом городе,https://www.wildberries.ru/catalog/0/search.aspx?search=питание%20в%20большом%20городе&xsearch=true&xsearch=true&sort=popular,3.0,392.33333333333326,379.0,399.0,43.0,24.0,60.0,3.0,3.0,2.0,20.0,24.0,21.33333333333333
655536,джинсы для мальчика глория джинс,https://www.wildberries.ru/catalog/0/search.aspx?search=джинсы%20для%20мальчика%20глория%20джинс&xsearch=true&xsearch=true&sort=popular,64.0,1063.40625,428.0,2047.0,82.0,0.0,659.0,35.0,34.0,34.0,3.0,67.0,26.90625
655681,старшенбаум,https://www.wildberries.ru/catalog/0/search.aspx?search=старшенбаум&xsearch=true&xsearch=true&sort=popular,9.0,595.6666666666666,383.0,932.0,17.0,3.0,54.0,6.0,2.0,1.0,20.0,50.0,25.222222222222218
655967,страсбургский носок,https://www.wildberries.ru/catalog/0/search.aspx?search=страсбургский%20носок&xsearch=true&xsearch=true&sort=popular,1.0,838.0,838.0,838.0,187.0,187.0,187.0,1.0,1.0,1.0,53.0,53.0,53.0
656022,"контактные линзы -2,0","https://www.wildberries.ru/catalog/0/search.aspx?search=контактные%20линзы%20-2,0&xsearch=true&xsearch=true&sort=popular",47.0,1020.2127659574468,352.0,1749.0,69.0,0.0,1014.0,34.0,31.0,30.0,10.0,40.0,25.5531914893617
656056,md300c12,https://www.wildberries.ru/catalog/0/search.aspx?search=md300c12&xsearch=true&xsearch=true&sort=popular,1.0,1760.0,1760.0,1760.0,159.0,159.0,159.0,1.0,1.0,1.0,56.0,56.0,56.0
656290,polipant,https://www.wildberries.ru/catalog/0/search.aspx?search=polipant&xsearch=true&xsearch=true&sort=popular,2.0,2289.0,2046.0,2532.0,109.0,0.0,217.0,1.0,1.0,1.0,7.0,33.0,20.0
656331,книга мировая кухня,https://www.wildberries.ru/catalog/0/search.aspx?search=книга%20мировая%20кухня&xsearch=true&xsearch=true&sort=popular,3.0,1216.0,593.0,1773.0,28.0,0.0,80.0,1.0,1.0,1.0,19.0,46.0,35.0
656434,поясок от колик,https://www.wildberries.ru/catalog/0/search.aspx?search=поясок%20от%20колик&xsearch=true&xsearch=true&sort=popular,7.0,746.1428571428571,720.0,846.0,33.0,0.0,113.0,5.0,3.0,2.0,27.0,53.0,33.857142857142854
656449,доска для плавания детская,https://www.wildberries.ru/catalog/0/search.aspx?search=доска%20для%20плавания%20детская&xsearch=true&xsearch=true&sort=popular,7.0,939.7142857142856,455.0,2176.0,21.0,0.0,108.0,2.0,2.0,1.0,0.0,58.0,19.285714285714285
656668,разогрелка,https://www.wildberries.ru/catalog/0/search.aspx?search=разогрелка&xsearch=true&xsearch=true&sort=popular,18.0,707.1666666666665,476.0,822.0,12.0,0.0,102.0,8.0,8.0,8.0,32.0,49.0,35.5
656793,ножницы маникюрные сталекс,https://www.wildberries.ru/catalog/0/search.aspx?search=ножницы%20маникюрные%20сталекс&xsearch=true&xsearch=true&sort=popular,36.0,685.1388888888888,392.0,1892.0,30.0,0.0,208.0,28.0,28.0,12.0,5.0,53.0,30.694444444444446
657302,ализе пуффи файн,https://www.wildberries.ru/catalog/0/search.aspx?search=ализе%20пуффи%20файн&xsearch=true&xsearch=true&sort=popular,79.0,747.7088607594935,521.0,1216.0,8.0,0.0,156.0,19.0,19.0,16.0,30.0,64.0,44.10126582278482
657418,хаггис элит софт 3,https://www.wildberries.ru/catalog/0/search.aspx?search=хаггис%20элит%20софт%203&xsearch=true&xsearch=true&sort=popular,3.0,1881.666666666667,1349.0,2761.0,1661.0,748.0,2596.0,3.0,3.0,3.0,35.0,40.0,38.333333333333336
657478,калауд кальян,https://www.wildberries.ru/catalog/0/search.aspx?search=калауд%20кальян&xsearch=true&xsearch=true&sort=popular,4.0,2653.25,2234.0,2793.0,2697.0,750.0,7018.0,4.0,4.0,4.0,30.0,44.0,33.5
657762,снежная сказка александр полярный,https://www.wildberries.ru/catalog/0/search.aspx?search=снежная%20сказка%20александр%20полярный&xsearch=true&xsearch=true&sort=popular,3.0,409.33333333333326,388.0,420.0,79.0,9.0,141.0,2.0,2.0,2.0,3.0,20.0,14.333333333333336
658127,казан традиция,https://www.wildberries.ru/catalog/0/search.aspx?search=казан%20традиция&xsearch=true&xsearch=true&sort=popular,11.0,1928.909090909091,1720.0,2212.0,28.0,1.0,80.0,6.0,6.0,4.0,0.0,53.0,28.90909090909091
658183,сушилка для белья лиана,https://www.wildberries.ru/catalog/0/search.aspx?search=сушилка%20для%20белья%20лиана&xsearch=true&xsearch=true&sort=popular,49.0,1176.1224489795916,759.0,2700.0,9.0,0.0,56.0,37.0,11.0,2.0,0.0,41.0,17.755102040816325
658197,спрей для лошадей,https://www.wildberries.ru/catalog/0/search.aspx?search=спрей%20для%20лошадей&xsearch=true&xsearch=true&sort=popular,8.0,697.25,623.0,832.0,40.0,6.0,87.0,8.0,8.0,8.0,7.0,23.0,11.125
658994,год личной эффективности,https://www.wildberries.ru/catalog/0/search.aspx?search=год%20личной%20эффективности&xsearch=true&xsearch=true&sort=popular,7.0,949.0,358.0,1626.0,34.0,0.0,112.0,5.0,5.0,5.0,0.0,77.0,29.714285714285715
659256,бустер для похудения,https://www.wildberries.ru/catalog/0/search.aspx?search=бустер%20для%20похудения&xsearch=true&xsearch=true&sort=popular,14.0,791.9285714285713,390.0,1554.0,43.0,0.0,109.0,6.0,6.0,6.0,15.0,56.0,43.92857142857143
659291,рюкзак детский адидас,https://www.wildberries.ru/catalog/0/search.aspx?search=рюкзак%20детский%20адидас&xsearch=true&xsearch=true&sort=popular,4.0,1471.75,968.0,2564.0,101.0,10.0,335.0,4.0,2.0,2.0,5.0,56.0,38.75
659438,клей для завивки ресниц,https://www.wildberries.ru/catalog/0/search.aspx?search=клей%20для%20завивки%20ресниц&xsearch=true&xsearch=true&sort=popular,7.0,1376.7142857142858,655.0,2375.0,50.0,0.0,284.0,2.0,2.0,2.0,5.0,67.0,44.28571428571429
659865,подставка под ногу гитариста,https://www.wildberries.ru/catalog/0/search.aspx?search=подставка%20под%20ногу%20гитариста&xsearch=true&xsearch=true&sort=popular,17.0,740.8235294117646,468.0,1279.0,11.0,0.0,63.0,15.0,15.0,15.0,0.0,63.0,29.470588235294123
659907,бандаж грыжевой паховый,https://www.wildberries.ru/catalog/0/search.aspx?search=бандаж%20грыжевой%20паховый&xsearch=true&xsearch=true&sort=popular,35.0,1617.1142857142856,843.0,2400.0,13.0,0.0,73.0,17.0,11.0,11.0,0.0,70.0,29.942857142857147
659910,учение дона хуана,https://www.wildberries.ru/catalog/0/search.aspx?search=учение%20дона%20хуана&xsearch=true&xsearch=true&sort=popular,4.0,732.25,366.0,1406.0,25.0,2.0,80.0,3.0,1.0,1.0,3.0,3.0,3.0
660263,подушки василиса,https://www.wildberries.ru/catalog/0/search.aspx?search=подушки%20василиса&xsearch=true&xsearch=true&sort=popular,33.0,757.8181818181819,378.0,2170.0,18.0,0.0,191.0,20.0,20.0,6.0,0.0,79.0,55.18181818181818
660524,продажное королевство,https://www.wildberries.ru/catalog/0/search.aspx?search=продажное%20королевство&xsearch=true&xsearch=true&sort=popular,2.0,429.0,418.0,440.0,333.0,21.0,644.0,2.0,2.0,1.0,0.0,20.0,10.0
660854,керосинка,https://www.wildberries.ru/catalog/0/search.aspx?search=керосинка&xsearch=true&xsearch=true&sort=popular,1.0,694.0,694.0,694.0,182.0,182.0,182.0,1.0,1.0,1.0,57.0,57.0,57.0
661159,неопреновые носки,https://www.wildberries.ru/catalog/0/search.aspx?search=неопреновые%20носки&xsearch=true&xsearch=true&sort=popular,4.0,1776.75,1189.0,2698.0,25.0,10.0,50.0,4.0,3.0,3.0,37.0,46.0,40.75
661302,чайник лысьвенские эмали,https://www.wildberries.ru/catalog/0/search.aspx?search=чайник%20лысьвенские%20эмали&xsearch=true&xsearch=true&sort=popular,9.0,1419.4444444444446,857.0,1911.0,18.0,0.0,83.0,3.0,3.0,2.0,5.0,64.0,40.77777777777778
661325,кронштейны для микроволновки,https://www.wildberries.ru/catalog/0/search.aspx?search=кронштейны%20для%20микроволновки&xsearch=true&xsearch=true&sort=popular,19.0,798.263157894737,468.0,1330.0,49.0,0.0,314.0,17.0,14.0,14.0,0.0,84.0,40.631578947368425
661352,жизнь уве,https://www.wildberries.ru/catalog/0/search.aspx?search=жизнь%20уве&xsearch=true&xsearch=true&sort=popular,5.0,663.4,361.0,1128.0,300.0,0.0,1486.0,1.0,1.0,1.0,3.0,55.0,30.8
661406,фейл фикс игровой набор,https://www.wildberries.ru/catalog/0/search.aspx?search=фейл%20фикс%20игровой%20набор&xsearch=true&xsearch=true&sort=popular,4.0,2999.0,2999.0,2999.0,59.0,18.0,127.0,4.0,3.0,3.0,20.0,50.0,36.75
661887,одеяло бамбук золотые облака,https://www.wildberries.ru/catalog/0/search.aspx?search=одеяло%20бамбук%20золотые%20облака&xsearch=true&xsearch=true&sort=popular,31.0,1095.3225806451612,569.0,2283.0,206.0,5.0,749.0,28.0,28.0,27.0,58.0,89.0,77.5806451612903
661925,джинсы с завышенной талией wideleg,https://www.wildberries.ru/catalog/0/search.aspx?search=джинсы%20с%20завышенной%20талией%20wideleg&xsearch=true&xsearch=true&sort=popular,18.0,2128.6666666666665,1189.0,2645.0,15.0,0.0,55.0,9.0,9.0,9.0,30.0,76.0,64.22222222222223
662047,кумон поделки,https://www.wildberries.ru/catalog/0/search.aspx?search=кумон%20поделки&xsearch=true&xsearch=true&sort=popular,7.0,539.8571428571429,494.0,588.0,22.0,2.0,56.0,7.0,6.0,5.0,12.0,43.0,25.0
662161,подлокотник ваз 2115,https://www.wildberries.ru/catalog/0/search.aspx?search=подлокотник%20ваз%202115&xsearch=true&xsearch=true&sort=popular,12.0,1280.8333333333333,994.0,1658.0,24.0,0.0,133.0,11.0,11.0,11.0,20.0,52.0,32.75
662188,сателлит экспресс,https://www.wildberries.ru/catalog/0/search.aspx?search=сателлит%20экспресс&xsearch=true&xsearch=true&sort=popular,5.0,782.4,571.0,1066.0,23.0,1.0,96.0,2.0,1.0,1.0,3.0,44.0,11.6
662450,шампунь греция,https://www.wildberries.ru/catalog/0/search.aspx?search=шампунь%20греция&xsearch=true&xsearch=true&sort=popular,83.0,973.4819277108434,392.0,2552.0,20.0,0.0,233.0,59.0,59.0,15.0,5.0,70.0,28.55421686746988
662583,шамиль ахмадуллин скорописание,https://www.wildberries.ru/catalog/0/search.aspx?search=шамиль%20ахмадуллин%20скорописание&xsearch=true&xsearch=true&sort=popular,8.0,1003.5,488.0,1499.0,519.0,27.0,1434.0,8.0,8.0,7.0,61.0,85.0,73.5
662799,рамка с камерой заднего вида,https://www.wildberries.ru/catalog/0/search.aspx?search=рамка%20с%20камерой%20заднего%20вида&xsearch=true&xsearch=true&sort=popular,76.0,1381.526315789474,906.0,2451.0,186.0,0.0,13456.0,67.0,67.0,9.0,5.0,79.0,45.10526315789475
662866,стек хлыст,https://www.wildberries.ru/catalog/0/search.aspx?search=стек%20хлыст&xsearch=true&xsearch=true&sort=popular,19.0,1508.473684210526,432.0,2884.0,15.0,0.0,196.0,2.0,2.0,2.0,0.0,58.0,27.52631578947368
662872,сменный модуль а5 aqualen,https://www.wildberries.ru/catalog/0/search.aspx?search=сменный%20модуль%20а5%20aqualen&xsearch=true&xsearch=true&sort=popular,55.0,770.8363636363637,370.0,1449.0,196.0,2.0,1796.0,51.0,51.0,51.0,0.0,63.0,36.6
662880,алексей решетун,https://www.wildberries.ru/catalog/0/search.aspx?search=алексей%20решетун&xsearch=true&xsearch=true&sort=popular,2.0,540.5,441.0,640.0,99.0,15.0,182.0,2.0,1.0,1.0,20.0,28.0,24.0
662978,логарифмическая доска,https://www.wildberries.ru/catalog/0/search.aspx?search=логарифмическая%20доска&xsearch=true&xsearch=true&sort=popular,43.0,1108.5581395348838,546.0,1739.0,7.0,0.0,54.0,35.0,35.0,35.0,7.0,77.0,52.74418604651163
663257,толоконин,https://www.wildberries.ru/catalog/0/search.aspx?search=толоконин&xsearch=true&xsearch=true&sort=popular,1.0,412.0,412.0,412.0,141.0,141.0,141.0,1.0,1.0,1.0,33.0,33.0,33.0
663416,веледа от растяжек,https://www.wildberries.ru/catalog/0/search.aspx?search=веледа%20от%20растяжек&xsearch=true&xsearch=true&sort=popular,4.0,1196.75,695.0,1660.0,921.0,14.0,2475.0,4.0,4.0,4.0,20.0,53.0,36.5
663719,курпатов наука о сексе,https://www.wildberries.ru/catalog/0/search.aspx?search=курпатов%20наука%20о%20сексе&xsearch=true&xsearch=true&sort=popular,16.0,749.0,366.0,1356.0,41.0,9.0,123.0,16.0,15.0,15.0,47.0,86.0,68.0625
663853,постельные комплекты 2 спальный летто,https://www.wildberries.ru/catalog/0/search.aspx?search=постельные%20комплекты%202%20спальный%20летто&xsearch=true&xsearch=true&sort=popular,58.0,1127.4827586206898,421.0,1485.0,81.0,0.0,726.0,58.0,57.0,57.0,21.0,64.0,39.18965517241379
663981,мобиджампер,https://www.wildberries.ru/catalog/0/search.aspx?search=мобиджампер&xsearch=true&xsearch=true&sort=popular,8.0,1223.125,980.0,1423.0,13.0,1.0,46.0,8.0,8.0,8.0,0.0,62.0,32.625
664371,постельное белье евро перкаль унисон,https://www.wildberries.ru/catalog/0/search.aspx?search=постельное%20белье%20евро%20перкаль%20унисон&xsearch=true&xsearch=true&sort=popular,42.0,2444.1666666666665,2044.0,2994.0,7.0,0.0,83.0,6.0,5.0,5.0,33.0,71.0,59.19047619047619
664402,картридж laserjet m1132 mfp,https://www.wildberries.ru/catalog/0/search.aspx?search=картридж%20laserjet%20m1132%20mfp&xsearch=true&xsearch=true&sort=popular,11.0,607.7272727272727,412.0,1055.0,227.0,0.0,1392.0,7.0,6.0,6.0,5.0,72.0,33.0
664411,вадим безделев,https://www.wildberries.ru/catalog/0/search.aspx?search=вадим%20безделев&xsearch=true&xsearch=true&sort=popular,3.0,416.0,360.0,468.0,38.0,0.0,86.0,2.0,2.0,2.0,20.0,35.0,25.0
664414,адам кей будет больно,https://www.wildberries.ru/catalog/0/search.aspx?search=адам%20кей%20будет%20больно&xsearch=true&xsearch=true&sort=popular,2.0,458.5,432.0,485.0,55.0,1.0,109.0,1.0,1.0,1.0,33.0,34.0,33.5
664520,метро 2033 глуховский,https://www.wildberries.ru/catalog/0/search.aspx?search=метро%202033%20глуховский&xsearch=true&xsearch=true&sort=popular,4.0,975.25,716.0,1680.0,138.0,5.0,346.0,4.0,4.0,4.0,20.0,35.0,23.75
664898,waso,https://www.wildberries.ru/catalog/0/search.aspx?search=waso&xsearch=true&xsearch=true&sort=popular,5.0,1716.0,1396.0,2094.0,62.0,52.0,76.0,5.0,5.0,5.0,33.0,40.0,35.4
665023,питер пен книга,https://www.wildberries.ru/catalog/0/search.aspx?search=питер%20пен%20книга&xsearch=true&xsearch=true&sort=popular,5.0,518.0,350.0,688.0,19.0,2.0,54.0,2.0,1.0,1.0,0.0,52.0,34.8
665026,учебник истории орлов,https://www.wildberries.ru/catalog/0/search.aspx?search=учебник%20истории%20орлов&xsearch=true&xsearch=true&sort=popular,8.0,918.625,400.0,1631.0,41.0,0.0,170.0,3.0,2.0,2.0,5.0,27.0,16.0
665285,стиральный порошок атак,https://www.wildberries.ru/catalog/0/search.aspx?search=стиральный%20порошок%20атак&xsearch=true&xsearch=true&sort=popular,18.0,973.1111111111113,493.0,2307.0,216.0,0.0,1467.0,12.0,8.0,8.0,0.0,30.0,16.22222222222222
665643,магический гербарий,https://www.wildberries.ru/catalog/0/search.aspx?search=магический%20гербарий&xsearch=true&xsearch=true&sort=popular,3.0,906.3333333333335,826.0,952.0,36.0,3.0,86.0,3.0,1.0,1.0,36.0,47.0,40.0
665936,держатель iqos,https://www.wildberries.ru/catalog/0/search.aspx?search=держатель%20iqos&xsearch=true&xsearch=true&sort=popular,11.0,1005.2727272727273,495.0,1391.0,206.0,0.0,1726.0,6.0,6.0,3.0,0.0,78.0,41.36363636363637
666360,логопедическая азбука новикова,https://www.wildberries.ru/catalog/0/search.aspx?search=логопедическая%20азбука%20новикова&xsearch=true&xsearch=true&sort=popular,2.0,350.5,350.0,351.0,107.0,90.0,124.0,2.0,2.0,2.0,35.0,39.0,37.0
666540,смазка токо,https://www.wildberries.ru/catalog/0/search.aspx?search=смазка%20токо&xsearch=true&xsearch=true&sort=popular,24.0,1270.25,837.0,1849.0,19.0,0.0,190.0,21.0,6.0,6.0,0.0,57.0,29.08333333333333
666635,вкладки для груди,https://www.wildberries.ru/catalog/0/search.aspx?search=вкладки%20для%20груди&xsearch=true&xsearch=true&sort=popular,18.0,1039.7222222222224,371.0,2718.0,23.0,1.0,121.0,14.0,6.0,6.0,3.0,55.0,16.5
666737,kodzi,https://www.wildberries.ru/catalog/0/search.aspx?search=kodzi&xsearch=true&xsearch=true&sort=popular,11.0,1098.3636363636363,412.0,2950.0,475.0,0.0,2354.0,11.0,11.0,11.0,0.0,68.0,41.72727272727273
666787,зеркало в рост,https://www.wildberries.ru/catalog/0/search.aspx?search=зеркало%20в%20рост&xsearch=true&xsearch=true&sort=popular,85.0,809.2117647058824,364.0,1808.0,3.0,0.0,47.0,2.0,1.0,1.0,30.0,51.0,30.55294117647059
666944,мыло для бани рецепты бабушки агафьи,https://www.wildberries.ru/catalog/0/search.aspx?search=мыло%20для%20бани%20рецепты%20бабушки%20агафьи&xsearch=true&xsearch=true&sort=popular,1.0,712.0,712.0,712.0,174.0,174.0,174.0,1.0,1.0,1.0,9.0,9.0,9.0
666964,покемоны,https://www.wildberries.ru/catalog/0/search.aspx?search=покемоны&xsearch=true&xsearch=true&sort=popular,1.0,805.0,805.0,805.0,150.0,150.0,150.0,1.0,1.0,1.0,82.0,82.0,82.0
667421,effaclar gel,https://www.wildberries.ru/catalog/0/search.aspx?search=effaclar%20gel&xsearch=true&xsearch=true&sort=popular,2.0,1183.5,930.0,1437.0,3325.0,579.0,6071.0,2.0,2.0,2.0,5.0,24.0,14.5
667671,расширитель хвата,https://www.wildberries.ru/catalog/0/search.aspx?search=расширитель%20хвата&xsearch=true&xsearch=true&sort=popular,14.0,1020.5,510.0,1499.0,20.0,0.0,122.0,7.0,7.0,7.0,0.0,44.0,22.357142857142854
667852,крем лореаль мужской,https://www.wildberries.ru/catalog/0/search.aspx?search=крем%20лореаль%20мужской&xsearch=true&xsearch=true&sort=popular,5.0,631.4,543.0,727.0,72.0,13.0,194.0,5.0,5.0,5.0,0.0,40.0,25.4
668145,тубус а1,https://www.wildberries.ru/catalog/0/search.aspx?search=тубус%20а1&xsearch=true&xsearch=true&sort=popular,29.0,909.5172413793103,369.0,2538.0,31.0,0.0,316.0,19.0,19.0,19.0,5.0,55.0,32.413793103448285
668173,простынь на резинке 180х220,https://www.wildberries.ru/catalog/0/search.aspx?search=простынь%20на%20резинке%20180х220&xsearch=true&xsearch=true&sort=popular,27.0,1183.2962962962965,435.0,2008.0,35.0,0.0,294.0,20.0,16.0,13.0,28.0,68.0,50.74074074074074
668188,массажная подушка чудо релакс,https://www.wildberries.ru/catalog/0/search.aspx?search=массажная%20подушка%20чудо%20релакс&xsearch=true&xsearch=true&sort=popular,29.0,1234.6206896551723,364.0,2945.0,16.0,0.0,264.0,19.0,19.0,19.0,3.0,95.0,61.6551724137931
668795,очки женские черные круглые,https://www.wildberries.ru/catalog/0/search.aspx?search=очки%20женские%20черные%20круглые&xsearch=true&xsearch=true&sort=popular,2.0,880.0,727.0,1033.0,126.0,2.0,249.0,1.0,1.0,1.0,3.0,3.0,3.0
668813,коврики для ваз 2115,https://www.wildberries.ru/catalog/0/search.aspx?search=коврики%20для%20ваз%202115&xsearch=true&xsearch=true&sort=popular,74.0,2110.675675675676,582.0,2992.0,4.0,0.0,40.0,49.0,3.0,3.0,0.0,52.0,30.121621621621625
669050,фольга для окон,https://www.wildberries.ru/catalog/0/search.aspx?search=фольга%20для%20окон&xsearch=true&xsearch=true&sort=popular,2.0,556.0,444.0,668.0,71.0,52.0,90.0,2.0,2.0,2.0,68.0,69.0,68.5
669086,шаманизм,https://www.wildberries.ru/catalog/0/search.aspx?search=шаманизм&xsearch=true&xsearch=true&sort=popular,24.0,1127.25,393.0,2265.0,4.0,0.0,60.0,1.0,1.0,1.0,0.0,66.0,36.083333333333336
