index_label,ключевые слова,url,средняя цена,минимальная цена,максимальная цена,mean продаж за месяц,min продаж за месяц,max продаж за месяц,min pos > 10,min pos > 20,min pos > 30,min_discount,max_discount,mean_discount,среднемесячный оборот топ-30,среднемесячный оборот топ-5,средненедельный оборот топ-5,ориентировочное количество выкупов в неделю,market,lot_size_65_days
491910,валиант хранение вещей,https://www.wildberries.ru/catalog/0/search.aspx?search=валиант%20хранение%20вещей&xsearch=true&xsearch=true&sort=popular,657.6,478.0,1010.0,354.0,169.0,725.0,30.0,30.0,30.0,41.0,76.0,62.36666666666667,232790.4,370388.0,92597.0,145.0,wb,218.0
491935,термобелье шерсть дети,https://www.wildberries.ru/catalog/0/search.aspx?search=термобелье%20шерсть%20дети&xsearch=true&xsearch=true&sort=popular,1789.1666666666667,380.0,4023.0,221.0,18.0,450.0,30.0,30.0,30.0,16.0,67.0,34.06666666666667,395405.83,775165.8,193791.45,73.0,wb,199.0
491947,для выжигания,https://www.wildberries.ru/catalog/0/search.aspx?search=для%20выжигания&xsearch=true&xsearch=true&sort=popular,1392.1666666666667,350.0,2574.0,341.0,34.0,1291.0,30.0,30.0,30.0,25.0,73.0,44.3,474728.83,1235816.0,308954.0,216.0,wb,360.0
491961,комплект белья для кормящих,https://www.wildberries.ru/catalog/0/search.aspx?search=комплект%20белья%20для%20кормящих&xsearch=true&xsearch=true&sort=popular,1610.6666666666667,597.0,2952.0,56.0,0.0,715.0,25.0,25.0,25.0,23.0,77.0,56.833333333333336,90197.33,225908.4,56477.1,40.0,wb,248.0
491983,для зонтов,https://www.wildberries.ru/catalog/0/search.aspx?search=для%20зонтов&xsearch=true&xsearch=true&sort=popular,1087.6666666666667,395.0,2035.0,123.0,11.0,382.0,30.0,28.0,28.0,32.0,83.0,59.03333333333333,133783.0,317376.0,79344.0,58.0,wb,162.0
491994,термосмываемая тушь,https://www.wildberries.ru/catalog/0/search.aspx?search=термосмываемая%20тушь&xsearch=true&xsearch=true&sort=popular,900.0,900.0,900.0,133.0,133.0,133.0,1.0,1.0,1.0,30.0,30.0,30.0,119700.0,119700.0,29925.0,34.0,wb,104.0
492016,покрывало с единорогом,https://www.wildberries.ru/catalog/0/search.aspx?search=покрывало%20с%20единорогом&xsearch=true&xsearch=true&sort=popular,1491.7333333333331,1319.0,1613.0,48.0,1.0,357.0,30.0,28.0,11.0,30.0,60.0,34.2,71603.2,228215.2,57053.8,40.0,wb,170.0
492034,ремень 140 см,https://www.wildberries.ru/catalog/0/search.aspx?search=ремень%20140%20см&xsearch=true&xsearch=true&sort=popular,1520.8461538461538,405.0,4252.0,40.0,0.0,433.0,22.0,22.0,22.0,8.0,91.0,51.69230769230769,60833.85,214924.8,53731.2,24.0,wb,187.0
492071,интерактивная машинка,https://www.wildberries.ru/catalog/0/search.aspx?search=интерактивная%20машинка&xsearch=true&xsearch=true&sort=popular,1464.3333333333333,492.0,2182.0,247.0,46.0,2518.0,30.0,30.0,30.0,12.0,61.0,44.833333333333336,361690.33,1064136.0,266034.0,202.0,wb,615.0
492095,варежки замшевые мужские,https://www.wildberries.ru/catalog/0/search.aspx?search=варежки%20замшевые%20мужские&xsearch=true&xsearch=true&sort=popular,1498.6666666666667,385.0,4352.0,37.0,0.0,554.0,18.0,17.0,17.0,0.0,84.0,43.53333333333333,55450.67,118544.4,29636.1,38.0,wb,211.0
492147,chevrolet игрушка,https://www.wildberries.ru/catalog/0/search.aspx?search=chevrolet%20игрушка&xsearch=true&xsearch=true&sort=popular,1834.7333333333331,369.0,4410.0,40.0,0.0,230.0,29.0,28.0,28.0,0.0,72.0,42.93333333333333,73389.33,19069.2,4767.3,3.0,wb,155.0
492158,a bitey,https://www.wildberries.ru/catalog/0/search.aspx?search=a%20bitey&xsearch=true&xsearch=true&sort=popular,737.4444444444445,514.0,1065.0,88.0,23.0,224.0,9.0,9.0,8.0,29.0,66.0,54.55555555555556,64895.11,68436.0,17109.0,23.0,wb,117.0
492196,норковый жир пищевой,https://www.wildberries.ru/catalog/0/search.aspx?search=норковый%20жир%20пищевой&xsearch=true&xsearch=true&sort=popular,861.25,426.0,1917.0,189.0,4.0,526.0,3.0,3.0,3.0,13.0,73.0,30.5,162776.25,162776.25,40694.06,48.0,wb,184.0
492223,для хранения вещей органайзеры,https://www.wildberries.ru/catalog/0/search.aspx?search=для%20хранения%20вещей%20органайзеры&xsearch=true&xsearch=true&sort=popular,1256.1666666666667,552.0,4186.0,354.0,49.0,1190.0,30.0,30.0,30.0,0.0,74.0,50.63333333333333,444683.0,801220.0,200305.0,170.0,wb,334.0
492243,sele,https://www.wildberries.ru/catalog/0/search.aspx?search=sele&xsearch=true&xsearch=true&sort=popular,1186.1,495.0,2713.0,1287.0,94.0,5459.0,30.0,30.0,30.0,0.0,85.0,61.333333333333336,1526510.7,2867062.8,716765.7,669.0,wb,1214.0
492251,ирп россии,https://www.wildberries.ru/catalog/0/search.aspx?search=ирп%20россии&xsearch=true&xsearch=true&sort=popular,918.1666666666666,453.0,2415.0,66.0,0.0,329.0,25.0,22.0,22.0,0.0,74.0,37.66666666666666,60599.0,54769.0,13692.25,14.0,wb,145.0
492253,взрослые дети эмоционально незрелых родителей,https://www.wildberries.ru/catalog/0/search.aspx?search=взрослые%20дети%20эмоционально%20незрелых%20родителей&xsearch=true&xsearch=true&sort=popular,990.0,990.0,990.0,71.0,20.0,122.0,2.0,2.0,2.0,0.0,0.0,0.0,70290.0,70290.0,17572.5,18.0,wb,105.0
492261,табак для кальянов,https://www.wildberries.ru/catalog/0/search.aspx?search=табак%20для%20кальянов&xsearch=true&xsearch=true&sort=popular,472.26666666666665,363.0,1093.0,222.0,17.0,1017.0,30.0,30.0,30.0,0.0,50.0,39.8,104843.2,173659.8,43414.95,96.0,wb,272.0
492288,халат большого размера теплый,https://www.wildberries.ru/catalog/0/search.aspx?search=халат%20большого%20размера%20теплый&xsearch=true&xsearch=true&sort=popular,1925.6,504.0,4250.0,156.0,0.0,1039.0,28.0,27.0,27.0,40.0,73.0,53.36666666666667,300393.6,569395.2,142348.8,96.0,wb,325.0
492300,штора в ванную,https://www.wildberries.ru/catalog/0/search.aspx?search=штора%20в%20ванную&xsearch=true&xsearch=true&sort=popular,835.7666666666667,598.0,1297.0,423.0,127.0,1419.0,30.0,30.0,30.0,43.0,90.0,66.53333333333333,353529.3,405754.8,101438.7,131.0,wb,367.0
492305,подушка 150 на 50,https://www.wildberries.ru/catalog/0/search.aspx?search=подушка%20150%20на%2050&xsearch=true&xsearch=true&sort=popular,3435.1666666666665,972.0,3690.0,32.0,0.0,817.0,2.0,2.0,2.0,0.0,63.0,3.966666666666667,109925.33,482184.0,120546.0,47.0,wb,330.0
492372,чайник заварник стеклянный,https://www.wildberries.ru/catalog/0/search.aspx?search=чайник%20заварник%20стеклянный&xsearch=true&xsearch=true&sort=popular,886.0333333333333,479.0,1890.0,2100.0,301.0,15707.0,30.0,30.0,30.0,27.0,89.0,55.56666666666667,1860670.0,6801991.2,1700497.8,2128.0,wb,3321.0
492376,наполнитель для мягких игрушек,https://www.wildberries.ru/catalog/0/search.aspx?search=наполнитель%20для%20мягких%20игрушек&xsearch=true&xsearch=true&sort=popular,1455.8666666666666,499.0,2519.0,1491.0,541.0,3571.0,30.0,30.0,30.0,2.0,80.0,55.0,2170697.2,4873390.0,1218347.5,658.0,wb,833.0
492421,шапки для девочек на завязках,https://www.wildberries.ru/catalog/0/search.aspx?search=шапки%20для%20девочек%20на%20завязках&xsearch=true&xsearch=true&sort=popular,1188.5,377.0,1684.0,289.0,76.0,1047.0,30.0,30.0,30.0,25.0,73.0,59.8,343476.5,452211.2,113052.8,98.0,wb,302.0
492440,смарт масло,https://www.wildberries.ru/catalog/0/search.aspx?search=смарт%20масло&xsearch=true&xsearch=true&sort=popular,939.8,686.0,1595.0,168.0,42.0,733.0,30.0,30.0,30.0,30.0,72.0,47.03333333333333,157886.4,418080.0,104520.0,100.0,wb,229.0
492453,внешний аккумулятор для телефона 20000,https://www.wildberries.ru/catalog/0/search.aspx?search=внешний%20аккумулятор%20для%20телефона%2020000&xsearch=true&xsearch=true&sort=popular,1708.9,555.0,3411.0,160.0,2.0,809.0,30.0,30.0,27.0,10.0,80.0,48.46666666666667,273424.0,667802.2,166950.55,105.0,wb,271.0
492459,кепи для мужчин демисезонная,https://www.wildberries.ru/catalog/0/search.aspx?search=кепи%20для%20мужчин%20демисезонная&xsearch=true&xsearch=true&sort=popular,1765.7,494.0,3983.0,31.0,3.0,156.0,29.0,25.0,21.0,25.0,67.0,51.06666666666667,54736.7,121674.6,30418.65,18.0,wb,138.0
492463,серьги основа,https://www.wildberries.ru/catalog/0/search.aspx?search=серьги%20основа&xsearch=true&xsearch=true&sort=popular,989.0333333333332,368.0,2340.0,95.0,10.0,529.0,30.0,30.0,30.0,30.0,90.0,60.53333333333333,93958.17,216480.0,54120.0,62.0,wb,189.0
492487,ремень мужской коричневый,https://www.wildberries.ru/catalog/0/search.aspx?search=ремень%20мужской%20коричневый&xsearch=true&xsearch=true&sort=popular,1954.6,696.0,3843.0,129.0,13.0,410.0,30.0,30.0,30.0,0.0,80.0,52.53333333333333,252143.4,428926.8,107231.7,76.0,wb,196.0
492490,кольцо соколов сваровски,https://www.wildberries.ru/catalog/0/search.aspx?search=кольцо%20соколов%20сваровски&xsearch=true&xsearch=true&sort=popular,1241.0,788.0,1694.0,92.0,42.0,142.0,2.0,2.0,2.0,48.0,72.0,60.0,114172.0,114172.0,28543.0,23.0,wb,117.0
492499,сумка победы,https://www.wildberries.ru/catalog/0/search.aspx?search=сумка%20победы&xsearch=true&xsearch=true&sort=popular,1203.4333333333334,699.0,3113.0,56.0,6.0,198.0,29.0,29.0,27.0,21.0,73.0,45.66666666666666,67392.27,92793.2,23198.3,31.0,wb,127.0
492503,детские шапки шлем,https://www.wildberries.ru/catalog/0/search.aspx?search=детские%20шапки%20шлем&xsearch=true&xsearch=true&sort=popular,1410.1666666666667,641.0,2878.0,173.0,24.0,373.0,30.0,30.0,30.0,15.0,77.0,45.06666666666667,243958.83,307358.0,76839.5,57.0,wb,170.0
492524,гоночная машинка перевертыш,https://www.wildberries.ru/catalog/0/search.aspx?search=гоночная%20машинка%20перевертыш&xsearch=true&xsearch=true&sort=popular,2370.9333333333334,716.0,3321.0,53.0,0.0,296.0,25.0,25.0,25.0,10.0,71.0,38.06666666666667,125659.47,294929.0,73732.25,29.0,wb,187.0
492547,матрикс для волос,https://www.wildberries.ru/catalog/0/search.aspx?search=матрикс%20для%20волос&xsearch=true&xsearch=true&sort=popular,938.3666666666668,537.0,1653.0,749.0,63.0,2476.0,30.0,30.0,30.0,5.0,24.0,19.1,702836.63,629606.4,157401.6,192.0,wb,589.0
492550,книга тайник для денег,https://www.wildberries.ru/catalog/0/search.aspx?search=книга%20тайник%20для%20денег&xsearch=true&xsearch=true&sort=popular,1382.0,355.0,2805.0,42.0,0.0,431.0,30.0,30.0,27.0,20.0,79.0,47.6,58044.0,187776.0,46944.0,48.0,wb,182.0
492551,трехволновая плойка,https://www.wildberries.ru/catalog/0/search.aspx?search=трехволновая%20плойка&xsearch=true&xsearch=true&sort=popular,1409.9666666666667,742.0,4062.0,92.0,0.0,955.0,27.0,11.0,7.0,0.0,90.0,65.83333333333333,129716.93,651684.8,162921.2,124.0,wb,291.0
492593,алмазная мозаика на подрамнике пион,https://www.wildberries.ru/catalog/0/search.aspx?search=алмазная%20мозаика%20на%20подрамнике%20пион&xsearch=true&xsearch=true&sort=popular,1048.8333333333333,435.0,2570.0,79.0,7.0,456.0,30.0,30.0,30.0,0.0,77.0,48.7,82857.83,216303.6,54075.9,45.0,wb,176.0
492657,ползунки для новорождённых комплект,https://www.wildberries.ru/catalog/0/search.aspx?search=ползунки%20для%20новорождённых%20комплект&xsearch=true&xsearch=true&sort=popular,688.8333333333334,455.0,1094.0,261.0,35.0,1163.0,30.0,30.0,30.0,3.0,73.0,52.9,179785.5,412519.0,103129.75,164.0,wb,310.0
492672,кукла лол. капсула,https://www.wildberries.ru/catalog/0/search.aspx?search=кукла%20лол.%20капсула&xsearch=true&xsearch=true&sort=popular,1818.9,1000.0,3073.0,82.0,0.0,761.0,30.0,30.0,30.0,0.0,81.0,43.2,149149.8,0.0,0.0,0.0,wb,264.0
492698,queenlash,https://www.wildberries.ru/catalog/0/search.aspx?search=queenlash&xsearch=true&xsearch=true&sort=popular,943.5,922.0,965.0,88.0,32.0,143.0,2.0,2.0,2.0,35.0,79.0,57.0,83028.0,83028.0,20757.0,22.0,wb,107.0
492701,постельное белье с енотами,https://www.wildberries.ru/catalog/0/search.aspx?search=постельное%20белье%20с%20енотами&xsearch=true&xsearch=true&sort=popular,2494.0,1805.0,3442.0,48.0,3.0,165.0,30.0,30.0,29.0,47.0,68.0,62.266666666666666,119712.0,238507.0,59626.75,24.0,wb,164.0
492729,лейка 5 литров,https://www.wildberries.ru/catalog/0/search.aspx?search=лейка%205%20литров&xsearch=true&xsearch=true&sort=popular,607.8666666666667,354.0,1752.0,131.0,0.0,3147.0,29.0,29.0,29.0,0.0,58.0,25.4,79630.53,364598.0,91149.5,190.0,wb,717.0
492762,детская машина на аккумуляторе,https://www.wildberries.ru/catalog/0/search.aspx?search=детская%20машина%20на%20аккумуляторе&xsearch=true&xsearch=true&sort=popular,2077.766666666667,606.0,3189.0,539.0,102.0,2479.0,30.0,30.0,30.0,32.0,91.0,57.36666666666667,1119916.23,2531320.4,632830.1,249.0,wb,628.0
492764,картридж для кувшин барьер,https://www.wildberries.ru/catalog/0/search.aspx?search=картридж%20для%20кувшин%20барьер&xsearch=true&xsearch=true&sort=popular,891.4666666666667,381.0,2869.0,457.0,1.0,2481.0,30.0,30.0,29.0,0.0,63.0,31.03333333333333,407400.27,338270.4,84567.6,85.0,wb,589.0
492769,простыня непромокаемая,https://www.wildberries.ru/catalog/0/search.aspx?search=простыня%20непромокаемая&xsearch=true&xsearch=true&sort=popular,1353.5333333333333,481.0,4315.0,42.0,0.0,397.0,30.0,30.0,30.0,0.0,80.0,47.833333333333336,56848.4,88857.0,22214.25,21.0,wb,174.0
492772,поворотный кронштейн для телевизора,https://www.wildberries.ru/catalog/0/search.aspx?search=поворотный%20кронштейн%20для%20телевизора&xsearch=true&xsearch=true&sort=popular,1563.9,479.0,3389.0,407.0,58.0,2649.0,30.0,30.0,30.0,35.0,83.0,53.333333333333336,636507.3,1762387.2,440596.8,282.0,wb,646.0
492773,секс кукла 18+,https://www.wildberries.ru/catalog/0/search.aspx?search=секс%20кукла%2018+&xsearch=true&xsearch=true&sort=popular,1440.4117647058824,612.0,3502.0,35.0,0.0,548.0,4.0,1.0,1.0,0.0,65.0,35.23529411764706,50414.41,216801.0,54200.25,30.0,wb,208.0
492780,чиа 1000 г,https://www.wildberries.ru/catalog/0/search.aspx?search=чиа%201000%20г&xsearch=true&xsearch=true&sort=popular,699.7222222222222,450.0,1179.0,73.0,0.0,570.0,14.0,14.0,6.0,0.0,90.0,47.333333333333336,51079.72,139334.4,34833.6,59.0,wb,187.0
492794,мягкие игрушки обнимашки,https://www.wildberries.ru/catalog/0/search.aspx?search=мягкие%20игрушки%20обнимашки&xsearch=true&xsearch=true&sort=popular,1400.6333333333334,787.0,2751.0,571.0,0.0,2695.0,27.0,27.0,27.0,5.0,82.0,42.96666666666667,799761.63,1591310.0,397827.5,314.0,wb,650.0
492796,летающий шар спиннер,https://www.wildberries.ru/catalog/0/search.aspx?search=летающий%20шар%20спиннер&xsearch=true&xsearch=true&sort=popular,922.8333333333334,601.0,3416.0,132.0,6.0,994.0,30.0,25.0,25.0,13.0,86.0,54.66666666666666,121814.0,434033.0,108508.25,142.0,wb,282.0
492811,бизи доска,https://www.wildberries.ru/catalog/0/search.aspx?search=бизи%20доска&xsearch=true&xsearch=true&sort=popular,925.9333333333332,485.0,4340.0,347.0,0.0,5569.0,30.0,30.0,30.0,0.0,91.0,51.266666666666666,321298.87,1398680.0,349670.0,457.0,wb,1228.0
492826,наборы алмазная вышивка,https://www.wildberries.ru/catalog/0/search.aspx?search=наборы%20алмазная%20вышивка&xsearch=true&xsearch=true&sort=popular,1021.1333333333332,448.0,1792.0,553.0,127.0,2001.0,30.0,30.0,30.0,3.0,69.0,37.2,564686.73,1171956.4,292989.1,280.0,wb,494.0
492843,светильник соль,https://www.wildberries.ru/catalog/0/search.aspx?search=светильник%20соль&xsearch=true&xsearch=true&sort=popular,1686.5333333333333,776.0,3510.0,297.0,11.0,1467.0,30.0,30.0,29.0,9.0,76.0,33.86666666666667,500900.4,1282369.2,320592.3,198.0,wb,406.0
492844,конструктор холодное сердце,https://www.wildberries.ru/catalog/0/search.aspx?search=конструктор%20холодное%20сердце&xsearch=true&xsearch=true&sort=popular,2217.4333333333334,649.0,4200.0,35.0,1.0,211.0,28.0,27.0,27.0,0.0,68.0,29.633333333333333,77610.17,226329.6,56582.4,24.0,wb,164.0
492856,наматрасник непромокаемый 160х200 на резинке,https://www.wildberries.ru/catalog/0/search.aspx?search=наматрасник%20непромокаемый%20160х200%20на%20резинке&xsearch=true&xsearch=true&sort=popular,1085.7333333333331,592.0,1763.0,679.0,86.0,4119.0,30.0,30.0,30.0,10.0,92.0,66.4,737212.93,2055256.0,513814.0,429.0,wb,934.0
492878,ольга круглова,https://www.wildberries.ru/catalog/0/search.aspx?search=ольга%20круглова&xsearch=true&xsearch=true&sort=popular,1030.0,631.0,1743.0,431.0,0.0,1108.0,2.0,2.0,2.0,0.0,30.0,17.0,443930.0,443930.0,110982.5,108.0,wb,310.0
492891,авоська сумка,https://www.wildberries.ru/catalog/0/search.aspx?search=авоська%20сумка&xsearch=true&xsearch=true&sort=popular,922.4333333333332,351.0,3480.0,144.0,6.0,1672.0,30.0,30.0,30.0,6.0,74.0,39.13333333333333,132830.4,668750.0,167187.5,134.0,wb,423.0
492924,полотенце махровое 30×70,https://www.wildberries.ru/catalog/0/search.aspx?search=полотенце%20махровое%2030×70&xsearch=true&xsearch=true&sort=popular,1172.8666666666666,899.0,1215.0,110.0,0.0,1583.0,29.0,29.0,29.0,18.0,50.0,22.266666666666666,129015.33,520903.2,130225.8,127.0,wb,413.0
492954,игровой набор боксерский,https://www.wildberries.ru/catalog/0/search.aspx?search=игровой%20набор%20боксерский&xsearch=true&xsearch=true&sort=popular,1520.0666666666666,579.0,3712.0,36.0,4.0,187.0,30.0,29.0,22.0,10.0,76.0,35.166666666666664,54722.4,243873.6,60968.4,23.0,wb,136.0
492956,шапка для мальчика с завязками осень,https://www.wildberries.ru/catalog/0/search.aspx?search=шапка%20для%20мальчика%20с%20завязками%20осень&xsearch=true&xsearch=true&sort=popular,1037.3666666666666,428.0,1252.0,85.0,0.0,574.0,26.0,26.0,26.0,44.0,74.0,63.9,88176.17,272608.0,68152.0,56.0,wb,200.0
492959,siberica limonnik nanai,https://www.wildberries.ru/catalog/0/search.aspx?search=siberica%20limonnik%20nanai&xsearch=true&xsearch=true&sort=popular,797.0,797.0,797.0,116.0,116.0,116.0,1.0,1.0,1.0,0.0,0.0,0.0,92452.0,92452.0,23113.0,29.0,wb,97.0
492968,шарф-платок зимний,https://www.wildberries.ru/catalog/0/search.aspx?search=шарф-платок%20зимний&xsearch=true&xsearch=true&sort=popular,1363.9666666666667,400.0,3996.0,78.0,0.0,733.0,30.0,30.0,30.0,20.0,95.0,55.56666666666667,106389.4,30606.4,7651.6,6.0,wb,243.0
492975,картина по номерам 50,https://www.wildberries.ru/catalog/0/search.aspx?search=картина%20по%20номерам%2050&xsearch=true&xsearch=true&sort=popular,946.0666666666668,702.0,1183.0,555.0,231.0,1833.0,30.0,30.0,30.0,9.0,74.0,42.03333333333333,525067.0,1035878.4,258969.6,288.0,wb,457.0
492985,ламинирование волос набор,https://www.wildberries.ru/catalog/0/search.aspx?search=ламинирование%20волос%20набор&xsearch=true&xsearch=true&sort=popular,1368.2,368.0,4027.0,193.0,7.0,826.0,30.0,30.0,30.0,9.0,75.0,32.733333333333334,264062.6,913486.0,228371.5,125.0,wb,263.0
492992,смесь малютка 2,https://www.wildberries.ru/catalog/0/search.aspx?search=смесь%20малютка%202&xsearch=true&xsearch=true&sort=popular,665.5,593.0,738.0,1794.0,345.0,3243.0,2.0,2.0,2.0,15.0,15.0,15.0,1193907.0,1193907.0,298476.75,449.0,wb,739.0
492996,кот басик 30 см,https://www.wildberries.ru/catalog/0/search.aspx?search=кот%20басик%2030%20см&xsearch=true&xsearch=true&sort=popular,1713.0333333333333,499.0,2999.0,526.0,78.0,3097.0,30.0,30.0,30.0,10.0,81.0,49.333333333333336,901055.53,1265969.6,316492.4,218.0,wb,743.0
493006,кассеты для бритвы mach3,https://www.wildberries.ru/catalog/0/search.aspx?search=кассеты%20для%20бритвы%20mach3&xsearch=true&xsearch=true&sort=popular,994.1666666666666,410.0,3309.0,324.0,0.0,2172.0,30.0,30.0,30.0,0.0,78.0,32.43333333333333,322110.0,347649.6,86912.4,69.0,wb,528.0
493013,щетка для швабры,https://www.wildberries.ru/catalog/0/search.aspx?search=щетка%20для%20швабры&xsearch=true&xsearch=true&sort=popular,1233.4666666666667,379.0,4420.0,82.0,2.0,445.0,29.0,29.0,29.0,15.0,87.0,61.833333333333336,101144.27,303473.4,75868.35,81.0,wb,179.0
493014,часы радио будильник,https://www.wildberries.ru/catalog/0/search.aspx?search=часы%20радио%20будильник&xsearch=true&xsearch=true&sort=popular,1731.2666666666669,953.0,3138.0,80.0,0.0,705.0,29.0,16.0,16.0,0.0,67.0,38.5,138501.33,561888.0,140472.0,72.0,wb,250.0
493022,сборные модели танков 1/35,https://www.wildberries.ru/catalog/0/search.aspx?search=сборные%20модели%20танков%201/35&xsearch=true&xsearch=true&sort=popular,1518.9666666666667,710.0,2990.0,48.0,10.0,265.0,30.0,30.0,28.0,13.0,51.0,37.23333333333333,72910.4,192768.0,48192.0,32.0,wb,152.0
493032,кружка конструктор,https://www.wildberries.ru/catalog/0/search.aspx?search=кружка%20конструктор&xsearch=true&xsearch=true&sort=popular,1769.0,748.0,4199.0,58.0,0.0,1632.0,4.0,4.0,4.0,0.0,79.0,37.5,102602.0,843088.4,210772.1,86.0,wb,443.0
493048,"ивановский текстиль постельное белье 1,5","https://www.wildberries.ru/catalog/0/search.aspx?search=ивановский%20текстиль%20постельное%20белье%201,5&xsearch=true&xsearch=true&sort=popular",1216.5666666666666,819.0,1622.0,76.0,0.0,1848.0,30.0,26.0,26.0,10.0,88.0,65.1,92459.07,11168.0,2792.0,2.0,wb,469.0
493069,щипцы для волос тройные,https://www.wildberries.ru/catalog/0/search.aspx?search=щипцы%20для%20волос%20тройные&xsearch=true&xsearch=true&sort=popular,1984.3333333333333,822.0,4190.0,165.0,7.0,955.0,30.0,30.0,27.0,5.0,94.0,58.93333333333333,327415.0,791921.6,197980.4,118.0,wb,310.0
493081,xeracalm,https://www.wildberries.ru/catalog/0/search.aspx?search=xeracalm&xsearch=true&xsearch=true&sort=popular,2036.75,682.0,3935.0,67.0,0.0,559.0,13.0,13.0,10.0,0.0,48.0,22.375,136462.25,392619.2,98154.8,57.0,wb,230.0
493092,пеленки впитывающие 30 штук,https://www.wildberries.ru/catalog/0/search.aspx?search=пеленки%20впитывающие%2030%20штук&xsearch=true&xsearch=true&sort=popular,1177.2,395.0,3115.0,53.0,0.0,824.0,27.0,23.0,23.0,0.0,58.0,23.23333333333333,62391.6,37781.2,9445.3,15.0,wb,256.0
493109,корзина пластиковая с крышкой,https://www.wildberries.ru/catalog/0/search.aspx?search=корзина%20пластиковая%20с%20крышкой&xsearch=true&xsearch=true&sort=popular,1122.6666666666667,357.0,2534.0,55.0,0.0,291.0,27.0,27.0,26.0,20.0,74.0,49.0,61746.67,57574.4,14393.6,13.0,wb,144.0
493123,doux nettoyant,https://www.wildberries.ru/catalog/0/search.aspx?search=doux%20nettoyant&xsearch=true&xsearch=true&sort=popular,1290.0,1290.0,1290.0,119.0,97.0,130.0,3.0,3.0,3.0,40.0,40.0,40.0,153510.0,153510.0,38377.5,30.0,wb,116.0
493213,опорные ножки,https://www.wildberries.ru/catalog/0/search.aspx?search=опорные%20ножки&xsearch=true&xsearch=true&sort=popular,3180.1666666666665,2500.0,3720.0,20.0,1.0,40.0,4.0,2.0,2.0,0.0,39.0,32.0,63603.33,75316.8,18829.2,6.0,wb,161.0
493225,полотенца махровое 70х140,https://www.wildberries.ru/catalog/0/search.aspx?search=полотенца%20махровое%2070х140&xsearch=true&xsearch=true&sort=popular,1053.6,685.0,2190.0,694.0,244.0,1583.0,30.0,30.0,30.0,0.0,75.0,47.333333333333336,731198.4,1034262.0,258565.5,268.0,wb,409.0
493234,45 татуировок личности,https://www.wildberries.ru/catalog/0/search.aspx?search=45%20татуировок%20личности&xsearch=true&xsearch=true&sort=popular,1604.2,1090.0,2076.0,32.0,0.0,311.0,1.0,1.0,1.0,0.0,36.0,11.5,51334.4,103833.6,25958.4,16.0,wb,164.0
493235,набор для юного художника,https://www.wildberries.ru/catalog/0/search.aspx?search=набор%20для%20юного%20художника&xsearch=true&xsearch=true&sort=popular,1334.8333333333333,360.0,2774.0,172.0,0.0,1442.0,30.0,30.0,30.0,3.0,92.0,49.4,229591.33,198114.0,49528.5,45.0,wb,389.0
493278,плед 220 на 180,https://www.wildberries.ru/catalog/0/search.aspx?search=плед%20220%20на%20180&xsearch=true&xsearch=true&sort=popular,2424.8,2223.0,2583.0,37.0,9.0,179.0,30.0,30.0,30.0,36.0,43.0,39.06666666666667,89717.6,214768.2,53692.05,22.0,wb,164.0
493393,round-up 2,https://www.wildberries.ru/catalog/0/search.aspx?search=round-up%202&xsearch=true&xsearch=true&sort=popular,1325.3333333333333,994.0,1803.0,42.0,12.0,65.0,3.0,3.0,3.0,24.0,55.0,42.333333333333336,55664.0,55664.0,13916.0,11.0,wb,104.0
493413,джинсы черные женские,https://www.wildberries.ru/catalog/0/search.aspx?search=джинсы%20черные%20женские&xsearch=true&xsearch=true&sort=popular,1816.5666666666664,597.0,2954.0,930.0,215.0,3669.0,30.0,30.0,30.0,20.0,74.0,58.73333333333333,1689407.0,3157369.6,789342.4,473.0,wb,865.0
493427,ночнушка для кормящих мам,https://www.wildberries.ru/catalog/0/search.aspx?search=ночнушка%20для%20кормящих%20мам&xsearch=true&xsearch=true&sort=popular,1265.1666666666667,396.0,2040.0,415.0,95.0,1157.0,30.0,30.0,30.0,0.0,94.0,47.86666666666667,525044.17,968192.0,242048.0,160.0,wb,328.0
493438,бокалы с гравировкой,https://www.wildberries.ru/catalog/0/search.aspx?search=бокалы%20с%20гравировкой&xsearch=true&xsearch=true&sort=popular,1025.1666666666667,522.0,2154.0,507.0,49.0,2461.0,30.0,30.0,30.0,20.0,92.0,49.13333333333333,519759.5,266187.6,66546.9,95.0,wb,589.0
493455,подгузники многоразовые для малышей товары,https://www.wildberries.ru/catalog/0/search.aspx?search=подгузники%20многоразовые%20для%20малышей%20товары&xsearch=true&xsearch=true&sort=popular,1186.7666666666669,558.0,1705.0,552.0,36.0,2655.0,30.0,30.0,30.0,20.0,55.0,39.46666666666667,655095.2,2365550.8,591387.7,414.0,wb,634.0
493489,часы набор,https://www.wildberries.ru/catalog/0/search.aspx?search=часы%20набор&xsearch=true&xsearch=true&sort=popular,2130.0666666666666,978.0,3881.0,137.0,0.0,559.0,30.0,30.0,30.0,20.0,86.0,53.53333333333333,291819.13,733942.0,183485.5,92.0,wb,233.0
493503,портьера на кухню,https://www.wildberries.ru/catalog/0/search.aspx?search=портьера%20на%20кухню&xsearch=true&xsearch=true&sort=popular,2891.3,2105.0,3716.0,42.0,17.0,163.0,30.0,30.0,30.0,14.0,55.0,39.16666666666666,121434.6,257121.0,64280.25,23.0,wb,177.0
493550,школьные канцелярские наборы,https://www.wildberries.ru/catalog/0/search.aspx?search=школьные%20канцелярские%20наборы&xsearch=true&xsearch=true&sort=popular,1295.4666666666667,365.0,2621.0,216.0,24.0,730.0,30.0,30.0,30.0,6.0,82.0,55.766666666666666,279820.8,587034.0,146758.5,95.0,wb,240.0
493554,цветочный горшок 5 л,https://www.wildberries.ru/catalog/0/search.aspx?search=цветочный%20горшок%205%20л&xsearch=true&xsearch=true&sort=popular,824.5333333333333,444.0,1666.0,79.0,0.0,1766.0,20.0,10.0,10.0,17.0,72.0,44.63333333333333,65138.13,37705.2,9426.3,20.0,wb,439.0
493563,"плед на кровать 1,5","https://www.wildberries.ru/catalog/0/search.aspx?search=плед%20на%20кровать%201,5&xsearch=true&xsearch=true&sort=popular",1431.8666666666666,537.0,2663.0,126.0,0.0,853.0,30.0,30.0,30.0,0.0,92.0,57.53333333333333,180415.2,307960.2,76990.05,70.0,wb,270.0
493573,хэл элрод: магия утра.,https://www.wildberries.ru/catalog/0/search.aspx?search=хэл%20элрод:%20магия%20утра.&xsearch=true&xsearch=true&sort=popular,870.125,649.0,1103.0,108.0,1.0,812.0,8.0,8.0,1.0,19.0,39.0,32.375,93973.5,139779.0,34944.75,42.0,wb,243.0
493606,боди ажурное,https://www.wildberries.ru/catalog/0/search.aspx?search=боди%20ажурное&xsearch=true&xsearch=true&sort=popular,1304.5,839.0,2549.0,41.0,0.0,395.0,25.0,25.0,24.0,30.0,92.0,50.833333333333336,53484.5,75059.0,18764.75,12.0,wb,171.0
493611,тюль кухня,https://www.wildberries.ru/catalog/0/search.aspx?search=тюль%20кухня&xsearch=true&xsearch=true&sort=popular,951.4333333333332,393.0,2079.0,1070.0,18.0,9732.0,30.0,30.0,30.0,10.0,82.0,51.73333333333333,1018033.67,1421937.2,355484.3,420.0,wb,2089.0
493619,кувшин металл,https://www.wildberries.ru/catalog/0/search.aspx?search=кувшин%20металл&xsearch=true&xsearch=true&sort=popular,1565.2333333333331,604.0,3134.0,54.0,4.0,352.0,29.0,29.0,27.0,36.0,74.0,57.66666666666666,84522.6,196980.0,49245.0,38.0,wb,171.0
493626,чёрный клатч на цепочке,https://www.wildberries.ru/catalog/0/search.aspx?search=чёрный%20клатч%20на%20цепочке&xsearch=true&xsearch=true&sort=popular,1534.5333333333333,581.0,3575.0,69.0,0.0,670.0,29.0,29.0,29.0,0.0,98.0,55.766666666666666,105882.8,143618.4,35904.6,28.0,wb,236.0
493644,страницы для фотоальбома,https://www.wildberries.ru/catalog/0/search.aspx?search=страницы%20для%20фотоальбома&xsearch=true&xsearch=true&sort=popular,1369.1,402.0,2758.0,348.0,65.0,974.0,30.0,30.0,30.0,30.0,73.0,57.0,476446.8,973438.0,243359.5,153.0,wb,293.0
493660,мужские тапки,https://www.wildberries.ru/catalog/0/search.aspx?search=мужские%20тапки&xsearch=true&xsearch=true&sort=popular,1088.3666666666666,356.0,2181.0,1287.0,209.0,5104.0,30.0,30.0,30.0,15.0,67.0,49.23333333333333,1400727.9,2194637.4,548659.35,805.0,wb,1137.0
493695,я могу лепить,https://www.wildberries.ru/catalog/0/search.aspx?search=я%20могу%20лепить&xsearch=true&xsearch=true&sort=popular,864.4444444444445,365.0,1297.0,75.0,0.0,303.0,8.0,8.0,8.0,10.0,30.0,23.444444444444443,64833.33,56603.2,14150.8,17.0,wb,138.0
493776,топик женский для спорта,https://www.wildberries.ru/catalog/0/search.aspx?search=топик%20женский%20для%20спорта&xsearch=true&xsearch=true&sort=popular,1916.1,365.0,3243.0,39.0,0.0,250.0,19.0,19.0,19.0,23.0,80.0,52.7,74727.9,148701.0,37175.25,27.0,wb,162.0
493789,кукла принцесса аврора,https://www.wildberries.ru/catalog/0/search.aspx?search=кукла%20принцесса%20аврора&xsearch=true&xsearch=true&sort=popular,1605.3,596.0,4312.0,49.0,0.0,471.0,11.0,11.0,11.0,0.0,69.0,31.966666666666665,78659.7,215694.4,53923.6,57.0,wb,197.0
493803,соколов серебряные серьги кольца,https://www.wildberries.ru/catalog/0/search.aspx?search=соколов%20серебряные%20серьги%20кольца&xsearch=true&xsearch=true&sort=popular,1554.4666666666667,514.0,4050.0,65.0,0.0,357.0,30.0,30.0,30.0,30.0,55.0,48.16666666666666,101040.33,350048.4,87512.1,62.0,wb,172.0
493815,шторка в ванную комнату,https://www.wildberries.ru/catalog/0/search.aspx?search=шторка%20в%20ванную%20комнату&xsearch=true&xsearch=true&sort=popular,880.4333333333333,561.0,1524.0,467.0,159.0,1419.0,30.0,30.0,30.0,13.0,90.0,63.86666666666667,411162.37,720142.8,180035.7,218.0,wb,369.0
493821,школа флай леди,https://www.wildberries.ru/catalog/0/search.aspx?search=школа%20флай%20леди&xsearch=true&xsearch=true&sort=popular,821.0,798.0,867.0,189.0,106.0,300.0,3.0,3.0,3.0,51.0,51.0,51.0,155169.0,155169.0,38792.25,48.0,wb,136.0
493889,наушники с радио,https://www.wildberries.ru/catalog/0/search.aspx?search=наушники%20с%20радио&xsearch=true&xsearch=true&sort=popular,1271.9,749.0,2826.0,1021.0,26.0,5744.0,30.0,30.0,30.0,43.0,70.0,62.06666666666667,1298609.9,3975807.0,993951.75,702.0,wb,1276.0
493904,перчатки черные зимние,https://www.wildberries.ru/catalog/0/search.aspx?search=перчатки%20черные%20зимние&xsearch=true&xsearch=true&sort=popular,1478.2,350.0,3990.0,686.0,92.0,2462.0,30.0,30.0,30.0,5.0,74.0,47.1,1014045.2,1962187.0,490546.75,424.0,wb,604.0
493923,шапка женская фиона,https://www.wildberries.ru/catalog/0/search.aspx?search=шапка%20женская%20фиона&xsearch=true&xsearch=true&sort=popular,1256.5666666666666,989.0,2180.0,88.0,1.0,515.0,30.0,30.0,30.0,55.0,72.0,57.36666666666667,110577.87,261096.0,65274.0,66.0,wb,195.0
493926,тюлевая занавеска,https://www.wildberries.ru/catalog/0/search.aspx?search=тюлевая%20занавеска&xsearch=true&xsearch=true&sort=popular,1280.9666666666667,536.0,3412.0,1855.0,233.0,9732.0,30.0,30.0,30.0,34.0,86.0,67.33333333333333,2376193.17,4990221.6,1247555.4,1533.0,wb,2100.0
493962,мольберт ника,https://www.wildberries.ru/catalog/0/search.aspx?search=мольберт%20ника&xsearch=true&xsearch=true&sort=popular,2500.8,1628.0,3873.0,24.0,2.0,191.0,18.0,18.0,18.0,0.0,72.0,38.03333333333333,60019.2,166630.4,41657.6,16.0,wb,169.0
493977,селла,https://www.wildberries.ru/catalog/0/search.aspx?search=селла&xsearch=true&xsearch=true&sort=popular,1695.2,799.0,3471.0,176.0,27.0,283.0,30.0,30.0,30.0,30.0,67.0,53.06666666666667,298355.2,352232.4,88058.1,51.0,wb,161.0
493997,мульти парк,https://www.wildberries.ru/catalog/0/search.aspx?search=мульти%20парк&xsearch=true&xsearch=true&sort=popular,1301.25,981.0,1806.0,44.0,0.0,221.0,7.0,7.0,5.0,15.0,58.0,48.125,57255.0,74352.6,18588.15,16.0,wb,135.0
494007,грузовик мороженщика,https://www.wildberries.ru/catalog/0/search.aspx?search=грузовик%20мороженщика&xsearch=true&xsearch=true&sort=popular,1772.75,974.0,2257.0,535.0,0.0,2123.0,4.0,4.0,4.0,0.0,55.0,30.0,948421.25,948421.25,237105.31,134.0,wb,544.0
494009,лореаль гений увлажнения,https://www.wildberries.ru/catalog/0/search.aspx?search=лореаль%20гений%20увлажнения&xsearch=true&xsearch=true&sort=popular,465.0,393.0,542.0,3843.0,713.0,6124.0,3.0,3.0,3.0,27.0,47.0,37.333333333333336,1786995.0,1786995.0,446748.75,961.0,wb,1327.0
494034,детское полотенце уголок,https://www.wildberries.ru/catalog/0/search.aspx?search=детское%20полотенце%20уголок&xsearch=true&xsearch=true&sort=popular,994.3333333333334,484.0,1862.0,91.0,39.0,297.0,30.0,30.0,30.0,30.0,79.0,49.73333333333333,90484.33,234881.0,58720.25,49.0,wb,141.0
494076,шапка с поднимающимися ушами,https://www.wildberries.ru/catalog/0/search.aspx?search=шапка%20с%20поднимающимися%20ушами&xsearch=true&xsearch=true&sort=popular,598.4333333333333,375.0,999.0,259.0,9.0,1379.0,29.0,28.0,28.0,25.0,79.0,49.53333333333333,154994.23,563598.0,140899.5,221.0,wb,351.0
494079,имитация беременности,https://www.wildberries.ru/catalog/0/search.aspx?search=имитация%20беременности&xsearch=true&xsearch=true&sort=popular,1678.2666666666669,351.0,4420.0,41.0,0.0,672.0,27.0,27.0,27.0,0.0,90.0,48.5,68808.93,2440.0,610.0,1.0,wb,241.0
494163,рисование по номерам аниме,https://www.wildberries.ru/catalog/0/search.aspx?search=рисование%20по%20номерам%20аниме&xsearch=true&xsearch=true&sort=popular,935.6333333333332,560.0,1390.0,359.0,88.0,963.0,30.0,30.0,30.0,0.0,72.0,26.133333333333333,335892.37,668651.4,167162.85,179.0,wb,276.0
494183,кожаные лосины утепленные,https://www.wildberries.ru/catalog/0/search.aspx?search=кожаные%20лосины%20утепленные&xsearch=true&xsearch=true&sort=popular,1312.3,572.0,2464.0,496.0,0.0,10124.0,28.0,28.0,28.0,0.0,85.0,59.03333333333333,650900.8,317193.0,79298.25,87.0,wb,2182.0
494196,биотрин гель для суставов,https://www.wildberries.ru/catalog/0/search.aspx?search=биотрин%20гель%20для%20суставов&xsearch=true&xsearch=true&sort=popular,565.3333333333334,559.0,569.0,199.0,7.0,565.0,3.0,3.0,1.0,30.0,86.0,55.0,112501.33,112501.33,28125.33,50.0,wb,182.0
494207,для кукол барби,https://www.wildberries.ru/catalog/0/search.aspx?search=для%20кукол%20барби&xsearch=true&xsearch=true&sort=popular,2461.2,712.0,4271.0,269.0,0.0,978.0,28.0,28.0,28.0,0.0,71.0,14.9,662062.8,1203314.4,300828.6,131.0,wb,331.0
494213,джинсы скини теплые,https://www.wildberries.ru/catalog/0/search.aspx?search=джинсы%20скини%20теплые&xsearch=true&xsearch=true&sort=popular,1642.9,1024.0,2880.0,33.0,0.0,249.0,26.0,26.0,21.0,0.0,75.0,49.43333333333333,54215.7,8096.2,2024.05,2.0,wb,153.0
494231,контейнер для спагетти,https://www.wildberries.ru/catalog/0/search.aspx?search=контейнер%20для%20спагетти&xsearch=true&xsearch=true&sort=popular,1564.2333333333331,376.0,4198.0,72.0,1.0,373.0,30.0,30.0,30.0,30.0,75.0,50.833333333333336,112624.8,430969.0,107742.25,49.0,wb,176.0
494245,том дом шторы для кухни,https://www.wildberries.ru/catalog/0/search.aspx?search=том%20дом%20шторы%20для%20кухни&xsearch=true&xsearch=true&sort=popular,2110.233333333333,519.0,4165.0,35.0,0.0,586.0,29.0,29.0,29.0,15.0,84.0,65.83333333333333,73858.17,43982.8,10995.7,8.0,wb,238.0
494249,шторы на окно,https://www.wildberries.ru/catalog/0/search.aspx?search=шторы%20на%20окно&xsearch=true&xsearch=true&sort=popular,925.4,364.0,1552.0,451.0,5.0,9943.0,30.0,30.0,30.0,30.0,89.0,39.0,417355.4,203198.8,50799.7,55.0,wb,2132.0
494263,стирка обуви,https://www.wildberries.ru/catalog/0/search.aspx?search=стирка%20обуви&xsearch=true&xsearch=true&sort=popular,1098.6,387.0,1542.0,251.0,31.0,1620.0,30.0,30.0,30.0,15.0,73.0,31.7,275748.6,595726.4,148931.6,199.0,wb,418.0
494265,набор трусов женских,https://www.wildberries.ru/catalog/0/search.aspx?search=набор%20трусов%20женских&xsearch=true&xsearch=true&sort=popular,978.6333333333332,518.0,1644.0,1330.0,47.0,2607.0,30.0,30.0,30.0,49.0,80.0,61.2,1301582.33,2170486.6,542621.65,560.0,wb,618.0
494269,сумка для спорта,https://www.wildberries.ru/catalog/0/search.aspx?search=сумка%20для%20спорта&xsearch=true&xsearch=true&sort=popular,1408.1333333333334,799.0,2293.0,323.0,47.0,1672.0,30.0,30.0,30.0,30.0,79.0,47.16666666666666,454827.07,684342.0,171085.5,173.0,wb,439.0
494273,джеймс маккена твой первый миллион,https://www.wildberries.ru/catalog/0/search.aspx?search=джеймс%20маккена%20твой%20первый%20миллион&xsearch=true&xsearch=true&sort=popular,779.0,779.0,779.0,146.0,146.0,146.0,1.0,1.0,1.0,36.0,36.0,36.0,113734.0,113734.0,28433.5,37.0,wb,102.0
494284,ванная комната,https://www.wildberries.ru/catalog/0/search.aspx?search=ванная%20комната&xsearch=true&xsearch=true&sort=popular,1003.3666666666668,598.0,1804.0,435.0,71.0,1419.0,30.0,30.0,30.0,18.0,90.0,65.66666666666667,436464.5,678056.0,169514.0,162.0,wb,373.0
494290,гигабивень,https://www.wildberries.ru/catalog/0/search.aspx?search=гигабивень&xsearch=true&xsearch=true&sort=popular,3603.0,3199.0,4007.0,168.0,1.0,335.0,2.0,2.0,2.0,15.0,52.0,33.5,605304.0,605304.0,151326.0,42.0,wb,236.0
494335,curl roll кондиционер,https://www.wildberries.ru/catalog/0/search.aspx?search=curl%20roll%20кондиционер&xsearch=true&xsearch=true&sort=popular,760.0,760.0,760.0,296.0,41.0,518.0,4.0,4.0,4.0,0.0,0.0,0.0,224960.0,224960.0,56240.0,74.0,wb,179.0
494349,шапка шарф перчатки,https://www.wildberries.ru/catalog/0/search.aspx?search=шапка%20шарф%20перчатки&xsearch=true&xsearch=true&sort=popular,666.8666666666667,484.0,2607.0,123.0,38.0,362.0,30.0,30.0,30.0,32.0,65.0,50.9,82024.6,221934.4,55483.6,59.0,wb,143.0
494357,деревянный поднос посуда и инвентарь,https://www.wildberries.ru/catalog/0/search.aspx?search=деревянный%20поднос%20посуда%20и%20инвентарь&xsearch=true&xsearch=true&sort=popular,1468.4,595.0,3904.0,407.0,0.0,2575.0,30.0,30.0,30.0,15.0,95.0,54.06666666666667,597638.8,351407.6,87851.9,45.0,wb,627.0
494367,сумка банка детская,https://www.wildberries.ru/catalog/0/search.aspx?search=сумка%20банка%20детская&xsearch=true&xsearch=true&sort=popular,926.1,387.0,2100.0,143.0,0.0,3803.0,23.0,23.0,23.0,0.0,95.0,59.96666666666667,132432.3,75348.6,18837.15,24.0,wb,863.0
494381,халат теплый длинный,https://www.wildberries.ru/catalog/0/search.aspx?search=халат%20теплый%20длинный&xsearch=true&xsearch=true&sort=popular,2066.5,656.0,4250.0,27.0,0.0,183.0,29.0,28.0,28.0,25.0,76.0,53.8,55795.5,42628.8,10657.2,6.0,wb,153.0
494383,purify hydra,https://www.wildberries.ru/catalog/0/search.aspx?search=purify%20hydra&xsearch=true&xsearch=true&sort=popular,1744.75,843.0,3054.0,115.0,1.0,733.0,11.0,11.0,8.0,14.0,22.0,20.0,200646.25,467485.2,116871.3,59.0,wb,256.0
494408,джен синсеро не ной,https://www.wildberries.ru/catalog/0/search.aspx?search=джен%20синсеро%20не%20ной&xsearch=true&xsearch=true&sort=popular,1190.2,722.0,2790.0,128.0,0.0,307.0,5.0,5.0,5.0,22.0,70.0,33.8,152345.6,152345.6,38086.4,32.0,wb,149.0
494450,погремушки от 0 игрушки,https://www.wildberries.ru/catalog/0/search.aspx?search=погремушки%20от%200%20игрушки&xsearch=true&xsearch=true&sort=popular,1870.7333333333331,449.0,3280.0,902.0,49.0,6868.0,30.0,30.0,30.0,0.0,64.0,32.93333333333333,1687401.47,9186922.8,2296730.7,952.0,wb,1528.0
494465,ap-u1001mv,https://www.wildberries.ru/catalog/0/search.aspx?search=ap-u1001mv&xsearch=true&xsearch=true&sort=popular,2382.5,1792.0,2973.0,24.0,6.0,41.0,2.0,2.0,2.0,35.0,48.0,41.5,57180.0,57180.0,14295.0,6.0,wb,134.0
494473,фигурка трансформеры,https://www.wildberries.ru/catalog/0/search.aspx?search=фигурка%20трансформеры&xsearch=true&xsearch=true&sort=popular,1673.5333333333333,359.0,3950.0,299.0,0.0,1591.0,29.0,29.0,29.0,0.0,79.0,40.266666666666666,500386.47,568814.4,142203.6,126.0,wb,431.0
494479,гель для интенсивного ухода аравия,https://www.wildberries.ru/catalog/0/search.aspx?search=гель%20для%20интенсивного%20ухода%20аравия&xsearch=true&xsearch=true&sort=popular,801.7857142857143,499.0,1496.0,760.0,5.0,2866.0,13.0,13.0,13.0,30.0,68.0,34.142857142857146,609357.14,590397.6,147599.4,191.0,wb,665.0
494499,кролик плюшевый,https://www.wildberries.ru/catalog/0/search.aspx?search=кролик%20плюшевый&xsearch=true&xsearch=true&sort=popular,1127.8666666666666,382.0,2318.0,62.0,0.0,691.0,16.0,16.0,11.0,0.0,92.0,25.53333333333333,69927.73,345114.0,86278.5,79.0,wb,227.0
494511,корейский увлажняющий крем для лица,https://www.wildberries.ru/catalog/0/search.aspx?search=корейский%20увлажняющий%20крем%20для%20лица&xsearch=true&xsearch=true&sort=popular,1069.0666666666666,396.0,3696.0,930.0,131.0,4181.0,30.0,30.0,30.0,26.0,72.0,52.333333333333336,994232.0,2080190.2,520047.55,630.0,wb,946.0
494513,лис маленький принц игрушка,https://www.wildberries.ru/catalog/0/search.aspx?search=лис%20маленький%20принц%20игрушка&xsearch=true&xsearch=true&sort=popular,1244.7142857142858,493.0,2687.0,74.0,0.0,349.0,12.0,12.0,12.0,10.0,63.0,39.142857142857146,92108.86,174522.6,43630.65,43.0,wb,160.0
494566,пеньюар на свадьбу,https://www.wildberries.ru/catalog/0/search.aspx?search=пеньюар%20на%20свадьбу&xsearch=true&xsearch=true&sort=popular,1660.2666666666669,899.0,3705.0,58.0,16.0,155.0,30.0,30.0,28.0,34.0,61.0,48.8,96295.47,151989.6,37997.4,21.0,wb,134.0
494578,мужские комплекты с шарфом,https://www.wildberries.ru/catalog/0/search.aspx?search=мужские%20комплекты%20с%20шарфом&xsearch=true&xsearch=true&sort=popular,1187.3333333333333,441.0,2671.0,111.0,0.0,2537.0,26.0,26.0,26.0,10.0,80.0,49.4,131794.0,5588.8,1397.2,2.0,wb,610.0
494591,constant набор,https://www.wildberries.ru/catalog/0/search.aspx?search=constant%20набор&xsearch=true&xsearch=true&sort=popular,1907.4,586.0,3354.0,232.0,2.0,873.0,10.0,10.0,10.0,20.0,41.0,27.1,442516.8,64011.6,16002.9,7.0,wb,290.0
494594,спортивное трико,https://www.wildberries.ru/catalog/0/search.aspx?search=спортивное%20трико&xsearch=true&xsearch=true&sort=popular,1482.8,630.0,2695.0,59.0,12.0,218.0,30.0,28.0,27.0,0.0,70.0,49.73333333333333,87485.2,166920.0,41730.0,26.0,wb,141.0
494649,простыня 160х200,https://www.wildberries.ru/catalog/0/search.aspx?search=простыня%20160х200&xsearch=true&xsearch=true&sort=popular,881.9333333333333,435.0,3147.0,167.0,7.0,684.0,30.0,30.0,30.0,15.0,71.0,47.63333333333333,147282.87,235210.8,58802.7,87.0,wb,217.0
494650,для крепления картины,https://www.wildberries.ru/catalog/0/search.aspx?search=для%20крепления%20картины&xsearch=true&xsearch=true&sort=popular,2032.1666666666667,1144.0,3025.0,89.0,46.0,241.0,30.0,30.0,30.0,19.0,85.0,49.46666666666667,180862.83,298954.0,74738.5,34.0,wb,164.0
494655,декоративные подушки детские,https://www.wildberries.ru/catalog/0/search.aspx?search=декоративные%20подушки%20детские&xsearch=true&xsearch=true&sort=popular,2246.0,516.0,3996.0,593.0,73.0,4454.0,30.0,30.0,30.0,5.0,80.0,40.1,1331878.0,982098.6,245524.65,163.0,wb,1042.0
494665,щетка для пылесоса универсальная,https://www.wildberries.ru/catalog/0/search.aspx?search=щетка%20для%20пылесоса%20универсальная&xsearch=true&xsearch=true&sort=popular,1438.6333333333334,436.0,4428.0,79.0,0.0,2098.0,29.0,29.0,29.0,0.0,57.0,26.466666666666665,113652.03,34056.0,8514.0,6.0,wb,528.0
494685,гурмет для кошек,https://www.wildberries.ru/catalog/0/search.aspx?search=гурмет%20для%20кошек&xsearch=true&xsearch=true&sort=popular,847.9333333333333,517.0,2790.0,642.0,94.0,3573.0,30.0,30.0,30.0,0.0,15.0,6.966666666666667,544373.2,1484604.0,371151.0,367.0,wb,813.0
494699,гирлянда с белым светом,https://www.wildberries.ru/catalog/0/search.aspx?search=гирлянда%20с%20белым%20светом&xsearch=true&xsearch=true&sort=popular,603.8666666666667,359.0,1092.0,4265.0,1570.0,10481.0,30.0,30.0,30.0,41.0,95.0,76.96666666666667,2575491.33,4411639.2,1102909.8,2007.0,wb,2232.0
494720,якоб мартин стрид,https://www.wildberries.ru/catalog/0/search.aspx?search=якоб%20мартин%20стрид&xsearch=true&xsearch=true&sort=popular,520.0,369.0,671.0,658.0,109.0,1206.0,2.0,2.0,2.0,45.0,59.0,52.0,342160.0,342160.0,85540.0,165.0,wb,313.0
494764,декор для вазы,https://www.wildberries.ru/catalog/0/search.aspx?search=декор%20для%20вазы&xsearch=true&xsearch=true&sort=popular,1233.9333333333334,399.0,3002.0,83.0,30.0,225.0,30.0,30.0,30.0,11.0,75.0,54.13333333333333,102416.47,189692.8,47423.2,34.0,wb,134.0
494768,шарфы гарри поттер,https://www.wildberries.ru/catalog/0/search.aspx?search=шарфы%20гарри%20поттер&xsearch=true&xsearch=true&sort=popular,1031.2,540.0,2241.0,157.0,4.0,1337.0,30.0,30.0,30.0,3.0,81.0,42.0,161898.4,237160.0,59290.0,50.0,wb,357.0
494796,[fkfn lkz ltdjxrb,https://www.wildberries.ru/catalog/0/search.aspx?search=[fkfn%20lkz%20ltdjxrb&xsearch=true&xsearch=true&sort=popular,1574.0333333333333,618.0,2594.0,225.0,84.0,861.0,30.0,30.0,30.0,32.0,69.0,51.86666666666667,354157.5,623799.4,155949.85,93.0,wb,277.0
494858,сковорода диаметр 18,https://www.wildberries.ru/catalog/0/search.aspx?search=сковорода%20диаметр%2018&xsearch=true&xsearch=true&sort=popular,1687.1666666666667,700.0,2446.0,127.0,27.0,618.0,30.0,30.0,30.0,20.0,78.0,60.2,214270.17,550891.0,137722.75,77.0,wb,230.0
494862,термосы для детей,https://www.wildberries.ru/catalog/0/search.aspx?search=термосы%20для%20детей&xsearch=true&xsearch=true&sort=popular,1225.3,640.0,2150.0,156.0,26.0,567.0,30.0,30.0,30.0,13.0,75.0,50.2,191146.8,306941.8,76735.45,71.0,wb,204.0
494864,бананы джинсы на девочку,https://www.wildberries.ru/catalog/0/search.aspx?search=бананы%20джинсы%20на%20девочку&xsearch=true&xsearch=true&sort=popular,1819.1333333333332,396.0,2954.0,98.0,0.0,588.0,28.0,28.0,24.0,0.0,79.0,51.46666666666667,178275.07,581609.6,145402.4,82.0,wb,229.0
494870,берцы бутекс кобра летние,https://www.wildberries.ru/catalog/0/search.aspx?search=берцы%20бутекс%20кобра%20летние&xsearch=true&xsearch=true&sort=popular,3230.833333333333,2546.0,3643.0,18.0,1.0,50.0,2.0,2.0,2.0,56.0,62.0,58.5,58155.0,66116.4,16529.1,6.0,wb,165.0
494877,детское постельное белье на резинке,https://www.wildberries.ru/catalog/0/search.aspx?search=детское%20постельное%20белье%20на%20резинке&xsearch=true&xsearch=true&sort=popular,1772.7,1384.0,3003.0,579.0,231.0,1471.0,30.0,30.0,30.0,52.0,77.0,73.56666666666666,1026393.3,1997881.2,499470.3,284.0,wb,409.0
494911,декоративная косметика,https://www.wildberries.ru/catalog/0/search.aspx?search=декоративная%20косметика&xsearch=true&xsearch=true&sort=popular,1310.5333333333333,399.0,2754.0,1478.0,448.0,3805.0,30.0,30.0,30.0,0.0,68.0,44.53333333333333,1936968.27,2344937.6,586234.4,626.0,wb,876.0
494946,джигенсы,https://www.wildberries.ru/catalog/0/search.aspx?search=джигенсы&xsearch=true&xsearch=true&sort=popular,1402.3,573.0,1742.0,471.0,172.0,1650.0,30.0,30.0,30.0,20.0,77.0,59.73333333333333,660483.3,981155.4,245288.85,168.0,wb,434.0
494966,тапки домашние с задником,https://www.wildberries.ru/catalog/0/search.aspx?search=тапки%20домашние%20с%20задником&xsearch=true&xsearch=true&sort=popular,1528.7666666666669,391.0,3080.0,76.0,4.0,372.0,30.0,30.0,30.0,23.0,72.0,41.266666666666666,116186.27,258930.0,64732.5,53.0,wb,174.0
494976,вакуум волновой стимулятор,https://www.wildberries.ru/catalog/0/search.aspx?search=вакуум%20волновой%20стимулятор&xsearch=true&xsearch=true&sort=popular,2834.875,1225.0,3675.0,31.0,0.0,149.0,14.0,14.0,14.0,30.0,81.0,63.1875,87881.12,137969.8,34492.45,11.0,wb,172.0
494996,маска очищающая аравия,https://www.wildberries.ru/catalog/0/search.aspx?search=маска%20очищающая%20аравия&xsearch=true&xsearch=true&sort=popular,846.0,405.0,2032.0,208.0,0.0,716.0,8.0,8.0,8.0,30.0,72.0,38.4,175968.0,270943.2,67735.8,91.0,wb,222.0
495004,раскраска по номерам bts,https://www.wildberries.ru/catalog/0/search.aspx?search=раскраска%20по%20номерам%20bts&xsearch=true&xsearch=true&sort=popular,1202.3333333333333,560.0,1490.0,95.0,10.0,710.0,30.0,28.0,20.0,0.0,75.0,25.53333333333333,114221.67,396573.6,99143.4,94.0,wb,233.0
495011,стяжки при плоскостопии детские,https://www.wildberries.ru/catalog/0/search.aspx?search=стяжки%20при%20плоскостопии%20детские&xsearch=true&xsearch=true&sort=popular,398.0,398.0,398.0,157.0,157.0,157.0,1.0,1.0,1.0,38.0,38.0,38.0,62486.0,62486.0,15621.5,40.0,wb,92.0
495045,полотенец с уголком,https://www.wildberries.ru/catalog/0/search.aspx?search=полотенец%20с%20уголком&xsearch=true&xsearch=true&sort=popular,909.9333333333332,484.0,1549.0,119.0,20.0,665.0,30.0,30.0,30.0,30.0,65.0,47.96666666666667,108282.07,209844.4,52461.1,50.0,wb,214.0
495048,светильники подвесной,https://www.wildberries.ru/catalog/0/search.aspx?search=светильники%20подвесной&xsearch=true&xsearch=true&sort=popular,1683.6,427.0,4490.0,179.0,1.0,1645.0,30.0,30.0,26.0,10.0,97.0,54.766666666666666,301364.4,626154.8,156538.7,129.0,wb,442.0
495052,выдавливать прыщи игрушка,https://www.wildberries.ru/catalog/0/search.aspx?search=выдавливать%20прыщи%20игрушка&xsearch=true&xsearch=true&sort=popular,1681.5,1492.0,1871.0,45.0,24.0,65.0,2.0,2.0,1.0,25.0,40.0,32.5,75667.5,75667.5,18916.88,12.0,wb,116.0
495057,антисептик спиртовой 5 литров,https://www.wildberries.ru/catalog/0/search.aspx?search=антисептик%20спиртовой%205%20литров&xsearch=true&xsearch=true&sort=popular,902.1333333333332,599.0,1989.0,111.0,2.0,1397.0,28.0,28.0,15.0,0.0,80.0,49.46666666666667,100136.8,388750.4,97187.6,115.0,wb,365.0
495069,детские шапки для новорожденных,https://www.wildberries.ru/catalog/0/search.aspx?search=детские%20шапки%20для%20новорожденных&xsearch=true&xsearch=true&sort=popular,974.8333333333334,377.0,1684.0,324.0,48.0,826.0,30.0,30.0,30.0,35.0,84.0,62.16666666666666,315846.0,508609.6,127152.4,127.0,wb,249.0
495074,тюбинг 85 см,https://www.wildberries.ru/catalog/0/search.aspx?search=тюбинг%2085%20см&xsearch=true&xsearch=true&sort=popular,2342.333333333333,823.0,3595.0,64.0,0.0,1623.0,17.0,6.0,6.0,14.0,83.0,50.03333333333333,149909.33,652968.0,163242.0,90.0,wb,460.0
495106,кигурими беззубик,https://www.wildberries.ru/catalog/0/search.aspx?search=кигурими%20беззубик&xsearch=true&xsearch=true&sort=popular,2068.133333333333,1208.0,3510.0,135.0,0.0,881.0,26.0,26.0,26.0,32.0,68.0,53.333333333333336,279198.0,359532.4,89883.1,63.0,wb,297.0
495109,скатерть на стол круглая клеенка,https://www.wildberries.ru/catalog/0/search.aspx?search=скатерть%20на%20стол%20круглая%20клеенка&xsearch=true&xsearch=true&sort=popular,1007.7333333333332,688.0,2623.0,60.0,10.0,475.0,29.0,24.0,15.0,1.0,77.0,40.36666666666667,60464.0,216968.0,54242.0,47.0,wb,178.0
495161,говорящий плакат умка,https://www.wildberries.ru/catalog/0/search.aspx?search=говорящий%20плакат%20умка&xsearch=true&xsearch=true&sort=popular,683.5333333333333,439.0,1415.0,102.0,0.0,649.0,30.0,30.0,29.0,0.0,45.0,31.83333333333333,69720.4,95804.4,23951.1,44.0,wb,203.0
495186,швабра с щеткой,https://www.wildberries.ru/catalog/0/search.aspx?search=швабра%20с%20щеткой&xsearch=true&xsearch=true&sort=popular,1319.4666666666667,379.0,4420.0,82.0,0.0,445.0,29.0,29.0,29.0,0.0,87.0,59.53333333333333,108196.27,303473.4,75868.35,81.0,wb,182.0
495196,портативная газовая плита,https://www.wildberries.ru/catalog/0/search.aspx?search=портативная%20газовая%20плита&xsearch=true&xsearch=true&sort=popular,1620.7,537.0,2850.0,35.0,1.0,172.0,30.0,30.0,30.0,0.0,76.0,52.8,56724.5,163666.0,40916.5,24.0,wb,136.0
495216,у классной доски,https://www.wildberries.ru/catalog/0/search.aspx?search=у%20классной%20доски&xsearch=true&xsearch=true&sort=popular,1307.5,350.0,2621.0,56.0,0.0,849.0,11.0,11.0,11.0,0.0,61.0,16.25,73220.0,14766.4,3691.6,2.0,wb,265.0
495231,скатерть на стол createшапка женская,https://www.wildberries.ru/catalog/0/search.aspx?search=скатерть%20на%20стол%20createшапка%20женская&xsearch=true&xsearch=true&sort=popular,782.9666666666667,399.0,2171.0,696.0,28.0,4532.0,30.0,30.0,30.0,13.0,75.0,51.3,544944.8,1034940.0,258735.0,276.0,wb,1009.0
495236,шарф бежевый,https://www.wildberries.ru/catalog/0/search.aspx?search=шарф%20бежевый&xsearch=true&xsearch=true&sort=popular,1002.2666666666668,409.0,1975.0,228.0,37.0,847.0,30.0,30.0,30.0,10.0,82.0,51.73333333333333,228516.8,593249.4,148312.35,138.0,wb,255.0
495249,школьная форма для девушек,https://www.wildberries.ru/catalog/0/search.aspx?search=школьная%20форма%20для%20девушек&xsearch=true&xsearch=true&sort=popular,1798.4,549.0,3339.0,948.0,75.0,4611.0,30.0,30.0,30.0,0.0,73.0,52.13333333333333,1704883.2,1953702.8,488425.7,265.0,wb,1059.0
495255,арт деко тени,https://www.wildberries.ru/catalog/0/search.aspx?search=арт%20деко%20тени&xsearch=true&xsearch=true&sort=popular,1064.0,1064.0,1064.0,201.0,201.0,201.0,1.0,1.0,1.0,24.0,24.0,24.0,213864.0,213864.0,53466.0,51.0,wb,123.0
495258,с динозаврами постельное бельё,https://www.wildberries.ru/catalog/0/search.aspx?search=с%20динозаврами%20постельное%20бельё&xsearch=true&xsearch=true&sort=popular,1628.1,1097.0,3109.0,44.0,0.0,158.0,30.0,26.0,26.0,33.0,73.0,50.36666666666667,71636.4,173328.0,43332.0,23.0,wb,133.0
495298,кошелёк мужской,https://www.wildberries.ru/catalog/0/search.aspx?search=кошелёк%20мужской&xsearch=true&xsearch=true&sort=popular,1816.5666666666664,832.0,3272.0,423.0,121.0,1299.0,30.0,30.0,30.0,33.0,80.0,57.5,768407.7,1471750.0,367937.5,211.0,wb,375.0
495302,линзы цветные для глаз с диоптриями,https://www.wildberries.ru/catalog/0/search.aspx?search=линзы%20цветные%20для%20глаз%20с%20диоптриями&xsearch=true&xsearch=true&sort=popular,864.9,395.0,1300.0,76.0,19.0,273.0,30.0,30.0,30.0,15.0,87.0,46.5,65732.4,109137.6,27284.4,40.0,wb,132.0
