index_label,ключевые слова,url,кол-во аналогов,средняя цена,минимальная цена,максимальная цена,mean продаж за месяц,min продаж за месяц,max продаж за месяц,min pos > 10,min pos > 20,min pos > 30,min_discount,max_discount,mean_discount,категория
93258,irisk fiber base,https://www.wildberries.ru/catalog/0/search.aspx?search=irisk%20fiber%20base&xsearch=true&xsearch=true&sort=popular,13.0,788.1538461538463,385.0,1195.0,14.0,0.0,67.0,4.0,4.0,4.0,,,,
93342,kumon поделки,https://www.wildberries.ru/catalog/0/search.aspx?search=kumon%20поделки&xsearch=true&xsearch=true&sort=popular,7.0,555.7142857142857,520.0,607.0,16.0,2.0,41.0,4.0,4.0,4.0,10.0,39.0,21.571428571428577,поделка
93386,муслиновая пеленка 130,https://www.wildberries.ru/catalog/0/search.aspx?search=муслиновая%20пеленка%20130&xsearch=true&xsearch=true&sort=popular,42.0,1045.857142857143,616.0,1615.0,9.0,0.0,99.0,9.0,9.0,4.0,,,,муслиновый
93415,тональный крем all matt,https://www.wildberries.ru/catalog/0/search.aspx?search=тональный%20крем%20all%20matt&xsearch=true&xsearch=true&sort=popular,4.0,592.75,547.0,608.0,279.0,82.0,651.0,5.0,5.0,5.0,5.0,14.0,7.25,крем тональный
93465,книга тревожные люди,https://www.wildberries.ru/catalog/0/search.aspx?search=книга%20тревожные%20люди&xsearch=true&xsearch=true&sort=popular,2.0,518.0,469.0,567.0,869.0,4.0,1733.0,2.0,2.0,2.0,30.0,37.0,33.5,книга тревожный
93505,пояс эластичный согревающий,https://www.wildberries.ru/catalog/0/search.aspx?search=пояс%20эластичный%20согревающий&xsearch=true&xsearch=true&sort=popular,27.0,734.5185185185185,354.0,1979.0,24.0,0.0,152.0,28.0,28.0,25.0,16.0,68.0,38.77777777777778,пояс согревающий
93506,бандаж поясничный согревающий,https://www.wildberries.ru/catalog/0/search.aspx?search=бандаж%20поясничный%20согревающий&xsearch=true&xsearch=true&sort=popular,9.0,969.2222222222223,476.0,1573.0,16.0,1.0,60.0,7.0,3.0,2.0,5.0,70.0,45.444444444444436,бандаж
93522,пеленка кокон amarobaby,https://www.wildberries.ru/catalog/0/search.aspx?search=пеленка%20кокон%20amarobaby&xsearch=true&xsearch=true&sort=popular,12.0,1128.9166666666667,480.0,2195.0,13.0,0.0,45.0,11.0,10.0,3.0,30.0,65.0,51.91666666666666,кокон пеленка
93619,джинсы lina rey,https://www.wildberries.ru/catalog/0/search.aspx?search=джинсы%20lina%20rey&xsearch=true&xsearch=true&sort=popular,37.0,2471.891891891892,1087.0,2990.0,16.0,0.0,141.0,23.0,16.0,10.0,,,,
93663,набор столовых приборов елена,https://www.wildberries.ru/catalog/0/search.aspx?search=набор%20столовых%20приборов%20елена&xsearch=true&xsearch=true&sort=popular,9.0,942.2222222222223,720.0,1480.0,12.0,2.0,41.0,7.0,3.0,3.0,37.0,64.0,54.111111111111114,набор
93768,подушка кирпич,https://www.wildberries.ru/catalog/0/search.aspx?search=подушка%20кирпич&xsearch=true&xsearch=true&sort=popular,2.0,502.0,485.0,519.0,52.0,0.0,103.0,2.0,2.0,2.0,35.0,62.0,48.5,подушка
93770,мягкая игрушка кирпич,https://www.wildberries.ru/catalog/0/search.aspx?search=мягкая%20игрушка%20кирпич&xsearch=true&xsearch=true&sort=popular,2.0,502.0,485.0,519.0,52.0,0.0,103.0,2.0,2.0,2.0,35.0,62.0,48.5,игрушка мягкий
93803,детские носки марк спенсер,https://www.wildberries.ru/catalog/0/search.aspx?search=детские%20носки%20марк%20спенсер&xsearch=true&xsearch=true&sort=popular,50.0,552.8,399.0,919.0,30.0,0.0,133.0,48.0,48.0,48.0,8.0,50.0,45.06,носок марк детский
93835,плафон кухонный,https://www.wildberries.ru/catalog/0/search.aspx?search=плафон%20кухонный&xsearch=true&xsearch=true&sort=popular,1.0,1920.0,1920.0,1920.0,43.0,43.0,43.0,2.0,2.0,2.0,36.0,36.0,36.0,кухонный плафон
93910,подушка детская плоская,https://www.wildberries.ru/catalog/0/search.aspx?search=подушка%20детская%20плоская&xsearch=true&xsearch=true&sort=popular,14.0,705.2142857142858,439.0,2800.0,27.0,0.0,187.0,4.0,3.0,3.0,,,,подушка
93911,плоская подушка,https://www.wildberries.ru/catalog/0/search.aspx?search=плоская%20подушка&xsearch=true&xsearch=true&sort=popular,19.0,704.0526315789474,439.0,2800.0,21.0,0.0,187.0,6.0,3.0,3.0,,,,подушка плоский
93914,фильтр пружинка,https://www.wildberries.ru/catalog/0/search.aspx?search=фильтр%20пружинка&xsearch=true&xsearch=true&sort=popular,38.0,1013.0526315789474,483.0,2604.0,21.0,0.0,137.0,35.0,35.0,35.0,,,,фильтр пружинка
93975,уретральный стимулятор,https://www.wildberries.ru/catalog/0/search.aspx?search=уретральный%20стимулятор&xsearch=true&xsearch=true&sort=popular,8.0,1117.125,881.0,1421.0,14.0,0.0,88.0,5.0,2.0,2.0,32.0,67.0,55.25,стимулятор уретральный
94028,onme гель для умывания мята и лимон,https://www.wildberries.ru/catalog/0/search.aspx?search=onme%20гель%20для%20умывания%20мята%20и%20лимон&xsearch=true&xsearch=true&sort=popular,1.0,378.0,378.0,378.0,40.0,40.0,40.0,2.0,2.0,2.0,3.0,3.0,3.0,гель
94053,краб мыльные,https://www.wildberries.ru/catalog/0/search.aspx?search=краб%20мыльные&xsearch=true&xsearch=true&sort=popular,57.0,904.3859649122808,467.0,1950.0,10.0,0.0,197.0,39.0,39.0,39.0,,,,краб
94072,паста для шугаринга yes,https://www.wildberries.ru/catalog/0/search.aspx?search=паста%20для%20шугаринга%20yes&xsearch=true&xsearch=true&sort=popular,7.0,1095.7142857142858,990.0,1190.0,66.0,9.0,191.0,8.0,8.0,7.0,,,,паста
94104,кукла футболист,https://www.wildberries.ru/catalog/0/search.aspx?search=кукла%20футболист&xsearch=true&xsearch=true&sort=popular,6.0,1078.6666666666667,616.0,1726.0,33.0,0.0,81.0,7.0,7.0,7.0,,,,кукла
94210,мягкая игрушка minecraft toys,https://www.wildberries.ru/catalog/0/search.aspx?search=мягкая%20игрушка%20minecraft%20toys&xsearch=true&xsearch=true&sort=popular,27.0,792.1481481481482,474.0,2244.0,34.0,0.0,111.0,23.0,23.0,23.0,51.0,80.0,63.111111111111114,игрушка мягкий
94267,серьги кольца baryshnikov,https://www.wildberries.ru/catalog/0/search.aspx?search=серьги%20кольца%20baryshnikov&xsearch=true&xsearch=true&sort=popular,39.0,966.4358974358977,663.0,1237.0,15.0,0.0,113.0,33.0,14.0,13.0,,,,серьга
94272,"кастрюля эмалированная 1,5","https://www.wildberries.ru/catalog/0/search.aspx?search=кастрюля%20эмалированная%201,5&xsearch=true&xsearch=true&sort=popular",27.0,1069.2222222222224,483.0,2604.0,20.0,0.0,237.0,26.0,24.0,24.0,,,,кастрюля
94341,мяч футбольный jogel,https://www.wildberries.ru/catalog/0/search.aspx?search=мяч%20футбольный%20jogel&xsearch=true&xsearch=true&sort=popular,59.0,1167.5254237288134,396.0,2000.0,212.0,0.0,1126.0,42.0,42.0,42.0,,,,мяч футбольный
94411,"термос 1.0 л., biostal","https://www.wildberries.ru/catalog/0/search.aspx?search=термос%201.0%20л.,%20biostal&xsearch=true&xsearch=true&sort=popular",6.0,1336.1666666666667,1042.0,1625.0,67.0,8.0,226.0,6.0,5.0,5.0,25.0,47.0,31.5,термос
94524,apollo aurora,https://www.wildberries.ru/catalog/0/search.aspx?search=apollo%20aurora&xsearch=true&xsearch=true&sort=popular,4.0,549.0,454.0,610.0,103.0,65.0,177.0,5.0,5.0,5.0,3.0,3.0,3.0,
94606,крестильный мешочек,https://www.wildberries.ru/catalog/0/search.aspx?search=крестильный%20мешочек&xsearch=true&xsearch=true&sort=popular,9.0,1240.2222222222224,400.0,2794.0,39.0,1.0,162.0,10.0,10.0,10.0,20.0,81.0,35.77777777777778,мешочек крестильный
94626,игра найди дубль,https://www.wildberries.ru/catalog/0/search.aspx?search=игра%20найди%20дубль&xsearch=true&xsearch=true&sort=popular,8.0,629.0,476.0,763.0,23.0,0.0,107.0,5.0,5.0,3.0,10.0,66.0,31.125,игра
94652,карты таро уэйт,https://www.wildberries.ru/catalog/0/search.aspx?search=карты%20таро%20уэйт&xsearch=true&xsearch=true&sort=popular,13.0,959.9230769230768,350.0,2763.0,41.0,0.0,224.0,11.0,11.0,4.0,,,,карта уэйт
94656,термосумка 20 литров,https://www.wildberries.ru/catalog/0/search.aspx?search=термосумка%2020%20литров&xsearch=true&xsearch=true&sort=popular,21.0,987.4285714285713,599.0,1995.0,20.0,0.0,157.0,21.0,16.0,4.0,10.0,65.0,47.0,литр
94729,подголовник с монитором,https://www.wildberries.ru/catalog/0/search.aspx?search=подголовник%20с%20монитором&xsearch=true&xsearch=true&sort=popular,2.0,412.0,392.0,432.0,190.0,140.0,239.0,3.0,3.0,3.0,55.0,55.0,55.0,подголовник
94759,ночная сорочка dragotsennaya,https://www.wildberries.ru/catalog/0/search.aspx?search=ночная%20сорочка%20dragotsennaya&xsearch=true&xsearch=true&sort=popular,41.0,872.1463414634146,688.0,979.0,46.0,0.0,134.0,38.0,34.0,34.0,43.0,64.0,50.80487804878049,сорочка ночной
94767,лакомки-munchkinz,https://www.wildberries.ru/catalog/0/search.aspx?search=лакомки-munchkinz&xsearch=true&xsearch=true&sort=popular,3.0,932.0,932.0,932.0,50.0,29.0,75.0,4.0,4.0,4.0,52.0,52.0,52.0,лакомка
94829,неваляшка большая,https://www.wildberries.ru/catalog/0/search.aspx?search=неваляшка%20большая&xsearch=true&xsearch=true&sort=popular,15.0,538.4,393.0,901.0,9.0,0.0,40.0,15.0,4.0,2.0,15.0,73.0,52.66666666666666,неваляшка
94914,чулки черные с красным кружевом,https://www.wildberries.ru/catalog/0/search.aspx?search=чулки%20черные%20с%20красным%20кружевом&xsearch=true&xsearch=true&sort=popular,31.0,1062.8709677419354,464.0,2800.0,22.0,0.0,297.0,23.0,22.0,22.0,,,,чулок
95039,крем gigi acnon,https://www.wildberries.ru/catalog/0/search.aspx?search=крем%20gigi%20acnon&xsearch=true&xsearch=true&sort=popular,1.0,2792.0,2792.0,2792.0,68.0,68.0,68.0,2.0,2.0,2.0,22.0,22.0,22.0,крем
95162,плавки женские адидас,https://www.wildberries.ru/catalog/0/search.aspx?search=плавки%20женские%20адидас&xsearch=true&xsearch=true&sort=popular,10.0,1413.3,798.0,2294.0,14.0,0.0,71.0,4.0,4.0,3.0,46.0,60.0,51.0,плавки
95163,плавки женские пума,https://www.wildberries.ru/catalog/0/search.aspx?search=плавки%20женские%20пума&xsearch=true&xsearch=true&sort=popular,7.0,970.7142857142856,859.0,1064.0,13.0,0.0,43.0,4.0,4.0,4.0,37.0,52.0,45.0,плавки
95165,плавки puma,https://www.wildberries.ru/catalog/0/search.aspx?search=плавки%20puma&xsearch=true&xsearch=true&sort=popular,9.0,1047.111111111111,859.0,1316.0,12.0,0.0,43.0,5.0,3.0,2.0,34.0,52.0,42.888888888888886,плавки
95304,original marines плавки,https://www.wildberries.ru/catalog/0/search.aspx?search=original%20marines%20плавки&xsearch=true&xsearch=true&sort=popular,19.0,1570.526315789474,1043.0,2023.0,24.0,1.0,43.0,16.0,15.0,15.0,15.0,30.0,29.210526315789476,плавки
95311,"гидрогелевые патчи для глаз от морщин с экстрактом водорослей для молодости кожи, 60 шт, minabao","https://www.wildberries.ru/catalog/0/search.aspx?search=гидрогелевые%20патчи%20для%20глаз%20от%20морщин%20с%20экстрактом%20водорослей%20для%20молодости%20кожи,%2060%20шт,%20minabao&xsearch=true&xsearch=true&sort=popular",2.0,449.0,449.0,449.0,1683.0,1132.0,2233.0,3.0,3.0,3.0,74.0,74.0,74.0,патч гидрогелевый
95370,отбеливатель тайфун,https://www.wildberries.ru/catalog/0/search.aspx?search=отбеливатель%20тайфун&xsearch=true&xsearch=true&sort=popular,1.0,642.0,642.0,642.0,194.0,194.0,194.0,2.0,2.0,2.0,40.0,40.0,40.0,тайфун отбеливатель
95473,mavala stop,https://www.wildberries.ru/catalog/0/search.aspx?search=mavala%20stop&xsearch=true&xsearch=true&sort=popular,2.0,873.5,655.0,1092.0,45.0,15.0,74.0,3.0,3.0,3.0,5.0,5.0,5.0,
95519,graymelin bifida,https://www.wildberries.ru/catalog/0/search.aspx?search=graymelin%20bifida&xsearch=true&xsearch=true&sort=popular,4.0,1428.75,1250.0,1533.0,22.0,0.0,64.0,5.0,2.0,2.0,20.0,50.0,31.5,
95527,кокон loombee,https://www.wildberries.ru/catalog/0/search.aspx?search=кокон%20loombee&xsearch=true&xsearch=true&sort=popular,10.0,2970.0,2970.0,2970.0,21.0,9.0,40.0,9.0,7.0,4.0,34.0,34.0,34.0,кокон
95576,айрис пресс лото,https://www.wildberries.ru/catalog/0/search.aspx?search=айрис%20пресс%20лото&xsearch=true&xsearch=true&sort=popular,13.0,593.8461538461537,352.0,1024.0,196.0,2.0,428.0,14.0,14.0,14.0,,,,айрис
95699,перчатки brikoly,https://www.wildberries.ru/catalog/0/search.aspx?search=перчатки%20brikoly&xsearch=true&xsearch=true&sort=popular,21.0,1583.5238095238094,1136.0,2352.0,18.0,0.0,86.0,12.0,9.0,5.0,50.0,61.0,56.0952380952381,перчатка
95744,растяжитель кожи,https://www.wildberries.ru/catalog/0/search.aspx?search=растяжитель%20кожи&xsearch=true&xsearch=true&sort=popular,3.0,1678.333333333333,375.0,2780.0,78.0,1.0,178.0,3.0,3.0,3.0,,,,кожа растяжитель
95763,чехол на гладильную доску 143,https://www.wildberries.ru/catalog/0/search.aspx?search=чехол%20на%20гладильную%20доску%20143&xsearch=true&xsearch=true&sort=popular,37.0,546.8108108108107,451.0,607.0,71.0,1.0,244.0,33.0,27.0,24.0,68.0,79.0,74.37837837837837,чехол
95864,quiksilver кепка,https://www.wildberries.ru/catalog/0/search.aspx?search=quiksilver%20кепка&xsearch=true&xsearch=true&sort=popular,58.0,1371.2241379310346,926.0,2552.0,13.0,0.0,118.0,28.0,22.0,13.0,20.0,60.0,44.01724137931034,кепка
95921,"цветная led smd светодиодная лента rgb 5 метров с блоком питания и пультом, lemon tree","https://www.wildberries.ru/catalog/0/search.aspx?search=цветная%20led%20smd%20светодиодная%20лента%20rgb%205%20метров%20с%20блоком%20питания%20и%20пультом,%20lemon%20tree&xsearch=true&xsearch=true&sort=popular",3.0,665.6666666666666,507.0,746.0,67.0,4.0,186.0,2.0,2.0,2.0,80.0,92.0,86.0,лента цветной
95972,estel пигмент,https://www.wildberries.ru/catalog/0/search.aspx?search=estel%20пигмент&xsearch=true&xsearch=true&sort=popular,1.0,485.0,485.0,485.0,117.0,117.0,117.0,2.0,2.0,2.0,,,,пигмент
96089,жидкая кожа saphir,https://www.wildberries.ru/catalog/0/search.aspx?search=жидкая%20кожа%20saphir&xsearch=true&xsearch=true&sort=popular,37.0,670.2432432432432,624.0,684.0,22.0,0.0,284.0,17.0,10.0,6.0,38.0,45.0,40.864864864864856,жидкий
96146,фотоальбом наша свадьба,https://www.wildberries.ru/catalog/0/search.aspx?search=фотоальбом%20наша%20свадьба&xsearch=true&xsearch=true&sort=popular,15.0,1269.9333333333334,678.0,2835.0,7.0,0.0,56.0,4.0,3.0,3.0,,,,фотоальбом свадьба
96152,штамп прикол,https://www.wildberries.ru/catalog/0/search.aspx?search=штамп%20прикол&xsearch=true&xsearch=true&sort=popular,16.0,649.5625,488.0,945.0,15.0,0.0,91.0,7.0,4.0,4.0,10.0,85.0,47.375,штамп
96253,башмачок спиридона,https://www.wildberries.ru/catalog/0/search.aspx?search=башмачок%20спиридона&xsearch=true&xsearch=true&sort=popular,29.0,896.3103448275862,391.0,2970.0,16.0,0.0,90.0,26.0,14.0,14.0,10.0,69.0,36.793103448275865,спиридон
96340,рамка для иконы 22х28,https://www.wildberries.ru/catalog/0/search.aspx?search=рамка%20для%20иконы%2022х28&xsearch=true&xsearch=true&sort=popular,6.0,601.0,456.0,726.0,9.0,0.0,40.0,3.0,3.0,3.0,23.0,51.0,28.5,рамка
96440,сиденье для унитаза семейное,https://www.wildberries.ru/catalog/0/search.aspx?search=сиденье%20для%20унитаза%20семейное&xsearch=true&xsearch=true&sort=popular,9.0,1117.7777777777776,522.0,2574.0,218.0,1.0,1234.0,9.0,5.0,5.0,33.0,76.0,57.111111111111114,унитаз
96533,плед велсофт спаленка,https://www.wildberries.ru/catalog/0/search.aspx?search=плед%20велсофт%20спаленка&xsearch=true&xsearch=true&sort=popular,28.0,1241.9642857142858,539.0,2500.0,7.0,0.0,49.0,27.0,27.0,27.0,,,,плед спаленка
96680,мусс плотность волос,https://www.wildberries.ru/catalog/0/search.aspx?search=мусс%20плотность%20волос&xsearch=true&xsearch=true&sort=popular,17.0,741.7058823529413,581.0,1360.0,8.0,0.0,89.0,2.0,2.0,2.0,15.0,33.0,31.117647058823533,мусс плотность
96734,kioshi подгузники детские,https://www.wildberries.ru/catalog/0/search.aspx?search=kioshi%20подгузники%20детские&xsearch=true&xsearch=true&sort=popular,5.0,773.4,679.0,1071.0,762.0,48.0,1888.0,6.0,6.0,6.0,30.0,30.0,30.0,
96800,пистолет с манометром,https://www.wildberries.ru/catalog/0/search.aspx?search=пистолет%20с%20манометром&xsearch=true&xsearch=true&sort=popular,4.0,825.5,793.0,850.0,33.0,3.0,109.0,5.0,5.0,5.0,,,,пистолет
96846,комплект полотенец karna,https://www.wildberries.ru/catalog/0/search.aspx?search=комплект%20полотенец%20karna&xsearch=true&xsearch=true&sort=popular,21.0,1784.1904761904761,1111.0,2572.0,20.0,0.0,60.0,18.0,16.0,14.0,35.0,50.0,47.61904761904761,комплект
96963,соображарий игра,https://www.wildberries.ru/catalog/0/search.aspx?search=соображарий%20игра&xsearch=true&xsearch=true&sort=popular,21.0,1312.4761904761906,516.0,2736.0,16.0,0.0,71.0,8.0,6.0,6.0,,,,игра соображария
97035,убийца сидит напротив,https://www.wildberries.ru/catalog/0/search.aspx?search=убийца%20сидит%20напротив&xsearch=true&xsearch=true&sort=popular,1.0,579.0,579.0,579.0,80.0,80.0,80.0,2.0,2.0,2.0,25.0,25.0,25.0,убийца
97253,посуда союзмультфильм,https://www.wildberries.ru/catalog/0/search.aspx?search=посуда%20союзмультфильм&xsearch=true&xsearch=true&sort=popular,24.0,1032.125,555.0,1355.0,8.0,0.0,45.0,23.0,2.0,2.0,30.0,52.0,32.416666666666664,посуда
97302,книга архипелаг гулаг,https://www.wildberries.ru/catalog/0/search.aspx?search=книга%20архипелаг%20гулаг&xsearch=true&xsearch=true&sort=popular,5.0,591.2,400.0,879.0,26.0,0.0,63.0,3.0,3.0,3.0,,,,книга
97454,воздушный сигнал,https://www.wildberries.ru/catalog/0/search.aspx?search=воздушный%20сигнал&xsearch=true&xsearch=true&sort=popular,19.0,1239.1052631578948,365.0,2676.0,20.0,0.0,60.0,17.0,12.0,6.0,,,,сигнал воздушный
97550,laserjet pro mfp m132a,https://www.wildberries.ru/catalog/0/search.aspx?search=laserjet%20pro%20mfp%20m132a&xsearch=true&xsearch=true&sort=popular,3.0,1380.666666666667,1314.0,1438.0,23.0,1.0,54.0,4.0,4.0,4.0,27.0,43.0,32.333333333333336,
97568,ключ баллонный крестовой,https://www.wildberries.ru/catalog/0/search.aspx?search=ключ%20баллонный%20крестовой&xsearch=true&xsearch=true&sort=popular,23.0,619.0434782608696,413.0,1295.0,12.0,0.0,85.0,14.0,14.0,14.0,20.0,50.0,42.04347826086956,ключ
97607,робот медведь,https://www.wildberries.ru/catalog/0/search.aspx?search=робот%20медведь&xsearch=true&xsearch=true&sort=popular,18.0,1514.166666666667,507.0,2478.0,459.0,0.0,1944.0,18.0,18.0,18.0,28.0,64.0,46.111111111111114,робот
97630,дико образ,https://www.wildberries.ru/catalog/0/search.aspx?search=дико%20образ&xsearch=true&xsearch=true&sort=popular,14.0,789.5,625.0,987.0,76.0,0.0,216.0,10.0,10.0,9.0,67.0,87.0,81.64285714285714,образ
97679,вешалка напольная железная,https://www.wildberries.ru/catalog/0/search.aspx?search=вешалка%20напольная%20железная&xsearch=true&xsearch=true&sort=popular,15.0,1708.4,1022.0,2736.0,25.0,0.0,110.0,7.0,6.0,6.0,35.0,80.0,49.6,вешалка напольный
97680,весы xiaomi mi,https://www.wildberries.ru/catalog/0/search.aspx?search=весы%20xiaomi%20mi&xsearch=true&xsearch=true&sort=popular,1.0,2039.0,2039.0,2039.0,447.0,447.0,447.0,2.0,2.0,2.0,35.0,35.0,35.0,весы
97719,самоклеющиеся этикетки а4,https://www.wildberries.ru/catalog/0/search.aspx?search=самоклеющиеся%20этикетки%20а4&xsearch=true&xsearch=true&sort=popular,5.0,1128.8,1079.0,1162.0,24.0,4.0,53.0,5.0,5.0,5.0,,,,этикетка самоклеться
97750,термокружка walmer,https://www.wildberries.ru/catalog/0/search.aspx?search=термокружка%20walmer&xsearch=true&xsearch=true&sort=popular,24.0,762.5416666666665,440.0,1324.0,16.0,0.0,92.0,25.0,22.0,5.0,11.0,48.0,21.08333333333333,термокружок
97751,заварник с двойным дном,https://www.wildberries.ru/catalog/0/search.aspx?search=заварник%20с%20двойным%20дном&xsearch=true&xsearch=true&sort=popular,20.0,1793.65,562.0,2394.0,7.0,0.0,76.0,11.0,2.0,2.0,25.0,62.0,42.05,заварник
97805,монкарт игрушки,https://www.wildberries.ru/catalog/0/search.aspx?search=монкарт%20игрушки&xsearch=true&xsearch=true&sort=popular,10.0,1843.5,1222.0,2937.0,23.0,2.0,60.0,8.0,7.0,6.0,7.0,38.0,23.0,игрушка монкарта
97824,большой коврик для ванной,https://www.wildberries.ru/catalog/0/search.aspx?search=большой%20коврик%20для%20ванной&xsearch=true&xsearch=true&sort=popular,5.0,1363.8,640.0,2241.0,19.0,2.0,59.0,5.0,5.0,5.0,35.0,60.0,47.4,коврик большой
97832,джинсы slouchy mango,https://www.wildberries.ru/catalog/0/search.aspx?search=джинсы%20slouchy%20mango&xsearch=true&xsearch=true&sort=popular,3.0,1765.666666666667,1499.0,2199.0,52.0,4.0,89.0,3.0,3.0,3.0,,,,джинсы
97833,джинсы манго slouchy,https://www.wildberries.ru/catalog/0/search.aspx?search=джинсы%20манго%20slouchy&xsearch=true&xsearch=true&sort=popular,3.0,1765.666666666667,1499.0,2199.0,52.0,4.0,89.0,3.0,3.0,3.0,,,,джинсы
97869,расческа hairmony,https://www.wildberries.ru/catalog/0/search.aspx?search=расческа%20hairmony&xsearch=true&xsearch=true&sort=popular,6.0,405.33333333333326,351.0,444.0,36.0,0.0,123.0,4.0,4.0,4.0,21.0,25.0,23.0,расческа
97883,королевство деревянные магниты,https://www.wildberries.ru/catalog/0/search.aspx?search=королевство%20деревянные%20магниты&xsearch=true&xsearch=true&sort=popular,2.0,643.5,590.0,697.0,46.0,5.0,86.0,3.0,3.0,3.0,30.0,63.0,46.5,королевство магнит
97944,валиант оливковый,https://www.wildberries.ru/catalog/0/search.aspx?search=валиант%20оливковый&xsearch=true&xsearch=true&sort=popular,5.0,928.2,717.0,1218.0,72.0,68.0,75.0,4.0,4.0,4.0,30.0,67.0,48.6,валиант
97974,кепка rip curl,https://www.wildberries.ru/catalog/0/search.aspx?search=кепка%20rip%20curl&xsearch=true&xsearch=true&sort=popular,53.0,1735.6603773584907,928.0,2863.0,9.0,0.0,44.0,46.0,32.0,25.0,17.0,68.0,33.60377358490566,кепка
98178,victoria's secret мист,https://www.wildberries.ru/catalog/0/search.aspx?search=victoria's%20secret%20мист&xsearch=true&xsearch=true&sort=popular,47.0,1599.2765957446811,849.0,1980.0,5.0,0.0,47.0,14.0,13.0,13.0,,,,
98202,флеш карточки,https://www.wildberries.ru/catalog/0/search.aspx?search=флеш%20карточки&xsearch=true&xsearch=true&sort=popular,7.0,555.5714285714286,506.0,606.0,23.0,1.0,82.0,4.0,3.0,3.0,27.0,44.0,34.142857142857146,карточка флеш
98270,аквашузы для девочки,https://www.wildberries.ru/catalog/0/search.aspx?search=аквашузы%20для%20девочки&xsearch=true&xsearch=true&sort=popular,37.0,1127.0,440.0,2100.0,19.0,0.0,73.0,35.0,16.0,15.0,,,,аквашузы
98290,самый богатый человек в вавилоне,https://www.wildberries.ru/catalog/0/search.aspx?search=самый%20богатый%20человек%20в%20вавилоне&xsearch=true&xsearch=true&sort=popular,4.0,456.75,360.0,558.0,381.0,74.0,909.0,5.0,5.0,5.0,10.0,28.0,14.5,человек самый
98293,самый богатый человек в вавилоне книга,https://www.wildberries.ru/catalog/0/search.aspx?search=самый%20богатый%20человек%20в%20вавилоне%20книга&xsearch=true&xsearch=true&sort=popular,4.0,456.75,360.0,558.0,381.0,74.0,909.0,5.0,5.0,5.0,10.0,28.0,14.5,человек самый
98296,книга богатый папа бедный папа,https://www.wildberries.ru/catalog/0/search.aspx?search=книга%20богатый%20папа%20бедный%20папа&xsearch=true&xsearch=true&sort=popular,5.0,594.2,378.0,783.0,230.0,14.0,462.0,6.0,6.0,4.0,10.0,10.0,10.0,книга богатый
98433,оксид каарал,https://www.wildberries.ru/catalog/0/search.aspx?search=оксид%20каарал&xsearch=true&xsearch=true&sort=popular,2.0,387.0,387.0,387.0,46.0,22.0,70.0,3.0,3.0,2.0,10.0,10.0,10.0,оксид каарал
98544,питчер молочник,https://www.wildberries.ru/catalog/0/search.aspx?search=питчер%20молочник&xsearch=true&xsearch=true&sort=popular,56.0,1031.9107142857142,465.0,2432.0,11.0,0.0,114.0,22.0,15.0,12.0,,,,молочник питчер
98607,весы напольные василиса,https://www.wildberries.ru/catalog/0/search.aspx?search=весы%20напольные%20василиса&xsearch=true&xsearch=true&sort=popular,3.0,663.3333333333334,583.0,742.0,41.0,3.0,106.0,4.0,4.0,4.0,50.0,51.0,50.33333333333334,весы василиса
98650,эмульсия для удаления краски с волос,https://www.wildberries.ru/catalog/0/search.aspx?search=эмульсия%20для%20удаления%20краски%20с%20волос&xsearch=true&xsearch=true&sort=popular,1.0,569.0,569.0,569.0,1966.0,1966.0,1966.0,2.0,2.0,2.0,26.0,26.0,26.0,эмульсия
98696,дивный сад,https://www.wildberries.ru/catalog/0/search.aspx?search=дивный%20сад&xsearch=true&xsearch=true&sort=popular,8.0,833.375,510.0,1243.0,1076.0,1.0,4905.0,9.0,9.0,9.0,3.0,63.0,23.375,сад дивный
98699,бейсболка puma,https://www.wildberries.ru/catalog/0/search.aspx?search=бейсболка%20puma&xsearch=true&xsearch=true&sort=popular,64.0,1001.109375,678.0,1883.0,87.0,0.0,366.0,57.0,43.0,33.0,30.0,53.0,43.5625,
98700,кепка puma,https://www.wildberries.ru/catalog/0/search.aspx?search=кепка%20puma&xsearch=true&xsearch=true&sort=popular,63.0,987.1111111111113,678.0,1883.0,91.0,0.0,366.0,55.0,54.0,33.0,30.0,53.0,43.66666666666666,
98701,кепка пума мужская,https://www.wildberries.ru/catalog/0/search.aspx?search=кепка%20пума%20мужская&xsearch=true&xsearch=true&sort=popular,62.0,990.2258064516127,678.0,1883.0,91.0,0.0,366.0,54.0,42.0,32.0,30.0,53.0,43.516129032258064,кепка пума
98702,бейсболки мужские puma,https://www.wildberries.ru/catalog/0/search.aspx?search=бейсболки%20мужские%20puma&xsearch=true&xsearch=true&sort=popular,63.0,1004.3968253968254,678.0,1883.0,87.0,0.0,366.0,56.0,43.0,33.0,30.0,53.0,43.412698412698404,
98722,максим ильяхов,https://www.wildberries.ru/catalog/0/search.aspx?search=максим%20ильяхов&xsearch=true&xsearch=true&sort=popular,8.0,769.75,576.0,1058.0,229.0,2.0,1128.0,6.0,6.0,5.0,20.0,41.0,27.25,максим ильях
98795,игрушка котик барсик,https://www.wildberries.ru/catalog/0/search.aspx?search=игрушка%20котик%20барсик&xsearch=true&xsearch=true&sort=popular,9.0,876.4444444444445,510.0,1448.0,12.0,0.0,73.0,8.0,2.0,2.0,28.0,70.0,47.88888888888889,игрушка
98920,organiczone шампунь,https://www.wildberries.ru/catalog/0/search.aspx?search=organiczone%20шампунь&xsearch=true&xsearch=true&sort=popular,17.0,1095.8823529411766,406.0,1812.0,22.0,0.0,96.0,9.0,9.0,8.0,24.0,32.0,24.705882352941174,шампунь
98929,сырница tupperware кроха,https://www.wildberries.ru/catalog/0/search.aspx?search=сырница%20tupperware%20кроха&xsearch=true&xsearch=true&sort=popular,1.0,875.0,875.0,875.0,84.0,84.0,84.0,2.0,2.0,2.0,27.0,27.0,27.0,сырница
98952,опрыскиватель zema,https://www.wildberries.ru/catalog/0/search.aspx?search=опрыскиватель%20zema&xsearch=true&xsearch=true&sort=popular,1.0,2790.0,2790.0,2790.0,508.0,508.0,508.0,2.0,2.0,2.0,,,,опрыскиватель
98954,гидроагрегат опрыскиватель,https://www.wildberries.ru/catalog/0/search.aspx?search=гидроагрегат%20опрыскиватель&xsearch=true&xsearch=true&sort=popular,10.0,1019.0,364.0,1627.0,103.0,0.0,559.0,8.0,7.0,7.0,40.0,50.0,43.8,гидроагрегат
98955,опрыскиватель зема,https://www.wildberries.ru/catalog/0/search.aspx?search=опрыскиватель%20зема&xsearch=true&xsearch=true&sort=popular,1.0,2790.0,2790.0,2790.0,508.0,508.0,508.0,2.0,2.0,2.0,,,,зем опрыскиватель
99230,набор кружек для коктейля,https://www.wildberries.ru/catalog/0/search.aspx?search=набор%20кружек%20для%20коктейля&xsearch=true&xsearch=true&sort=popular,21.0,668.0952380952381,386.0,1393.0,8.0,0.0,82.0,20.0,2.0,2.0,,,,набор
99245,силиконовые накладки на дверные ручки,https://www.wildberries.ru/catalog/0/search.aspx?search=силиконовые%20накладки%20на%20дверные%20ручки&xsearch=true&xsearch=true&sort=popular,12.0,1152.25,531.0,2359.0,387.0,0.0,2008.0,12.0,12.0,12.0,51.0,69.0,52.5,накладка силиконовый
99301,чайник заварочный бочонок,https://www.wildberries.ru/catalog/0/search.aspx?search=чайник%20заварочный%20бочонок&xsearch=true&xsearch=true&sort=popular,24.0,1078.375,492.0,2139.0,10.0,0.0,43.0,24.0,8.0,8.0,30.0,84.0,55.66666666666666,чайник заварочный
99320,халат женский сударыня,https://www.wildberries.ru/catalog/0/search.aspx?search=халат%20женский%20сударыня&xsearch=true&xsearch=true&sort=popular,4.0,2212.5,1970.0,2940.0,16.0,0.0,43.0,4.0,3.0,3.0,50.0,63.0,59.75,сударыня халат
99380,чехол pocketbook 616,https://www.wildberries.ru/catalog/0/search.aspx?search=чехол%20pocketbook%20616&xsearch=true&xsearch=true&sort=popular,48.0,898.8541666666665,526.0,1525.0,11.0,0.0,56.0,47.0,47.0,5.0,,,,чехол
99474,подушка василиса 70×70,https://www.wildberries.ru/catalog/0/search.aspx?search=подушка%20василиса%2070×70&xsearch=true&xsearch=true&sort=popular,11.0,620.5454545454545,460.0,910.0,12.0,0.0,46.0,11.0,3.0,3.0,30.0,80.0,64.0909090909091,подушка
99476,ключница с фоторамкой,https://www.wildberries.ru/catalog/0/search.aspx?search=ключница%20с%20фоторамкой&xsearch=true&xsearch=true&sort=popular,32.0,972.21875,360.0,2380.0,10.0,0.0,77.0,11.0,7.0,7.0,5.0,82.0,49.25,ключница
99493,термокружка с трубочкой,https://www.wildberries.ru/catalog/0/search.aspx?search=термокружка%20с%20трубочкой&xsearch=true&xsearch=true&sort=popular,30.0,1237.5,575.0,2350.0,5.0,0.0,42.0,12.0,2.0,2.0,,,,термокружок
99520,простынь на резинке 120 на 190,https://www.wildberries.ru/catalog/0/search.aspx?search=простынь%20на%20резинке%20120%20на%20190&xsearch=true&xsearch=true&sort=popular,29.0,1175.1034482758619,582.0,1676.0,8.0,0.0,71.0,29.0,29.0,4.0,33.0,63.0,47.0,простыня
99550,гольфы от варикоза,https://www.wildberries.ru/catalog/0/search.aspx?search=гольфы%20от%20варикоза&xsearch=true&xsearch=true&sort=popular,1.0,467.0,467.0,467.0,69.0,69.0,69.0,2.0,2.0,2.0,46.0,46.0,46.0,гольф
99640,salton гель,https://www.wildberries.ru/catalog/0/search.aspx?search=salton%20гель&xsearch=true&xsearch=true&sort=popular,2.0,401.0,353.0,449.0,310.0,86.0,533.0,3.0,3.0,3.0,,,,гель
99683,cozy home наволочки,https://www.wildberries.ru/catalog/0/search.aspx?search=cozy%20home%20наволочки&xsearch=true&xsearch=true&sort=popular,36.0,524.0277777777778,386.0,1056.0,11.0,1.0,42.0,26.0,9.0,5.0,76.0,82.0,78.97222222222223,наволочка
99735,"халат кошка, fluffy bunny","https://www.wildberries.ru/catalog/0/search.aspx?search=халат%20кошка,%20fluffy%20bunny&xsearch=true&xsearch=true&sort=popular",32.0,1714.6875,1650.0,1740.0,47.0,2.0,128.0,29.0,25.0,23.0,42.0,45.0,42.84375,халат кошка
99880,вольтметр в прикуриватель,https://www.wildberries.ru/catalog/0/search.aspx?search=вольтметр%20в%20прикуриватель&xsearch=true&xsearch=true&sort=popular,14.0,745.7142857142858,352.0,1308.0,11.0,0.0,40.0,10.0,2.0,2.0,24.0,70.0,51.5,вольтметр
99888,сорочка фэст,https://www.wildberries.ru/catalog/0/search.aspx?search=сорочка%20фэст&xsearch=true&xsearch=true&sort=popular,82.0,1366.8292682926829,717.0,2980.0,14.0,0.0,125.0,74.0,74.0,74.0,20.0,71.0,57.1829268292683,сорочка
99900,плавки мужские атлантик,https://www.wildberries.ru/catalog/0/search.aspx?search=плавки%20мужские%20атлантик&xsearch=true&xsearch=true&sort=popular,70.0,1326.2571428571428,750.0,1999.0,15.0,0.0,87.0,36.0,35.0,35.0,3.0,60.0,38.1,плавки
99904,доска разделочная attribute,https://www.wildberries.ru/catalog/0/search.aspx?search=доска%20разделочная%20attribute&xsearch=true&xsearch=true&sort=popular,4.0,469.75,359.0,540.0,826.0,0.0,2939.0,3.0,3.0,3.0,10.0,56.0,39.5,доска
99906,от одного зайца книга,https://www.wildberries.ru/catalog/0/search.aspx?search=от%20одного%20зайца%20книга&xsearch=true&xsearch=true&sort=popular,1.0,365.0,365.0,365.0,107.0,107.0,107.0,2.0,2.0,2.0,21.0,21.0,21.0,заяц книга
100002,блоки монтессори,https://www.wildberries.ru/catalog/0/search.aspx?search=блоки%20монтессори&xsearch=true&xsearch=true&sort=popular,8.0,1466.5,799.0,1750.0,126.0,0.0,906.0,9.0,9.0,9.0,,,,блок
100078,дизайн интерьера книга,https://www.wildberries.ru/catalog/0/search.aspx?search=дизайн%20интерьера%20книга&xsearch=true&xsearch=true&sort=popular,2.0,1017.5,630.0,1405.0,24.0,5.0,42.0,3.0,3.0,3.0,25.0,28.0,26.5,дизайн
100171,mojem термокружка,https://www.wildberries.ru/catalog/0/search.aspx?search=mojem%20термокружка&xsearch=true&xsearch=true&sort=popular,11.0,790.1818181818181,617.0,906.0,33.0,0.0,274.0,5.0,4.0,4.0,39.0,75.0,59.18181818181818,
100179,хулиганская экономика,https://www.wildberries.ru/catalog/0/search.aspx?search=хулиганская%20экономика&xsearch=true&xsearch=true&sort=popular,3.0,480.66666666666674,365.0,551.0,66.0,5.0,127.0,2.0,2.0,2.0,20.0,38.0,28.33333333333333,экономика хулиганский
100180,книги по экономике,https://www.wildberries.ru/catalog/0/search.aspx?search=книги%20по%20экономике&xsearch=true&xsearch=true&sort=popular,18.0,1111.9444444444443,399.0,2457.0,5.0,0.0,81.0,9.0,9.0,9.0,,,,книга
100249,эмалированная кастрюля 4 литра,https://www.wildberries.ru/catalog/0/search.aspx?search=эмалированная%20кастрюля%204%20литра&xsearch=true&xsearch=true&sort=popular,32.0,1028.75,708.0,1685.0,15.0,0.0,113.0,20.0,17.0,13.0,,,,кастрюля эмалированный
100372,moremio боди эротик,https://www.wildberries.ru/catalog/0/search.aspx?search=moremio%20боди%20эротик&xsearch=true&xsearch=true&sort=popular,17.0,1322.4705882352941,730.0,2361.0,44.0,1.0,161.0,18.0,18.0,9.0,51.0,81.0,67.58823529411765,эротика
100443,махровая простынь 2 спальная на резинке,https://www.wildberries.ru/catalog/0/search.aspx?search=махровая%20простынь%202%20спальная%20на%20резинке&xsearch=true&xsearch=true&sort=popular,56.0,1388.928571428571,835.0,2365.0,3.0,0.0,42.0,41.0,41.0,41.0,36.0,74.0,54.60714285714285,спальная махровый
100733,adarisa шампунь,https://www.wildberries.ru/catalog/0/search.aspx?search=adarisa%20шампунь&xsearch=true&xsearch=true&sort=popular,13.0,784.7692307692308,504.0,891.0,41.0,0.0,167.0,10.0,8.0,8.0,64.0,66.0,64.15384615384616,шампунь
100737,адариса,https://www.wildberries.ru/catalog/0/search.aspx?search=адариса&xsearch=true&xsearch=true&sort=popular,13.0,796.4615384615386,471.0,1095.0,33.0,3.0,122.0,13.0,7.0,7.0,61.0,64.0,63.615384615384606,адариса
100860,правила развития мозга вашего ребенка,https://www.wildberries.ru/catalog/0/search.aspx?search=правила%20развития%20мозга%20вашего%20ребенка&xsearch=true&xsearch=true&sort=popular,1.0,552.0,552.0,552.0,61.0,61.0,61.0,2.0,2.0,2.0,26.0,26.0,26.0,правило
100862,диета перфетта,https://www.wildberries.ru/catalog/0/search.aspx?search=диета%20перфетта&xsearch=true&xsearch=true&sort=popular,5.0,574.6,500.0,617.0,39.0,18.0,68.0,6.0,4.0,4.0,,,,диета перфетт
100921,скатерть клеенка однотонная,https://www.wildberries.ru/catalog/0/search.aspx?search=скатерть%20клеенка%20однотонная&xsearch=true&xsearch=true&sort=popular,34.0,1005.3529411764706,504.0,2601.0,22.0,0.0,125.0,32.0,31.0,31.0,10.0,70.0,50.147058823529406,однотонный
100993,весы кухонные gemlux,https://www.wildberries.ru/catalog/0/search.aspx?search=весы%20кухонные%20gemlux&xsearch=true&xsearch=true&sort=popular,8.0,2049.0,1190.0,2634.0,17.0,0.0,102.0,5.0,5.0,5.0,,,,весы
101030,щитки футбольные детские,https://www.wildberries.ru/catalog/0/search.aspx?search=щитки%20футбольные%20детские&xsearch=true&xsearch=true&sort=popular,16.0,756.9375,372.0,1499.0,27.0,0.0,268.0,12.0,12.0,12.0,,,,щиток
101112,жалюзи 140,https://www.wildberries.ru/catalog/0/search.aspx?search=жалюзи%20140&xsearch=true&xsearch=true&sort=popular,8.0,1120.625,790.0,1545.0,30.0,4.0,48.0,8.0,7.0,7.0,,,,жалюзи
101211,подушка tango,https://www.wildberries.ru/catalog/0/search.aspx?search=подушка%20tango&xsearch=true&xsearch=true&sort=popular,10.0,934.8,495.0,1134.0,32.0,0.0,147.0,5.0,4.0,3.0,61.0,70.0,64.3,подушка
101337,onme тоник,https://www.wildberries.ru/catalog/0/search.aspx?search=onme%20тоник&xsearch=true&xsearch=true&sort=popular,5.0,441.6,424.0,446.0,97.0,59.0,166.0,6.0,6.0,6.0,5.0,9.0,5.8,тоник
101361,томик первые сказки,https://www.wildberries.ru/catalog/0/search.aspx?search=томик%20первые%20сказки&xsearch=true&xsearch=true&sort=popular,2.0,642.0,612.0,672.0,105.0,20.0,189.0,3.0,2.0,2.0,30.0,56.0,43.0,томик
101388,детские машинки bmw,https://www.wildberries.ru/catalog/0/search.aspx?search=детские%20машинки%20bmw&xsearch=true&xsearch=true&sort=popular,90.0,1332.3777777777775,400.0,2590.0,3.0,0.0,50.0,90.0,90.0,90.0,,,,машинка детский
101393,беби крокодил,https://www.wildberries.ru/catalog/0/search.aspx?search=беби%20крокодил&xsearch=true&xsearch=true&sort=popular,7.0,658.1428571428571,512.0,693.0,32.0,0.0,96.0,7.0,7.0,7.0,20.0,30.0,28.57142857142857,крокодил беби
